<?xml version="1.0" encoding="UTF-8"?>
<kml xmlns="http://www.opengis.net/kml/2.2">
  <Document>
    <name>Найпростіші укриття</name>
    <Style id="icon-1603-AFB42B-normal">
      <IconStyle>
        <color>ff2bb4af</color>
        <scale>1</scale>
        <Icon>
          <href>https://www.gstatic.com/mapspro/images/stock/503-wht-blank_maps.png</href>
        </Icon>
      </IconStyle>
      <LabelStyle>
        <scale>0</scale>
      </LabelStyle>
    </Style>
    <Style id="icon-1603-AFB42B-highlight">
      <IconStyle>
        <color>ff2bb4af</color>
        <scale>1</scale>
        <Icon>
          <href>https://www.gstatic.com/mapspro/images/stock/503-wht-blank_maps.png</href>
        </Icon>
      </IconStyle>
      <LabelStyle>
        <scale>1</scale>
      </LabelStyle>
    </Style>
    <StyleMap id="icon-1603-AFB42B">
      <Pair>
        <key>normal</key>
        <styleUrl>#icon-1603-AFB42B-normal</styleUrl>
      </Pair>
      <Pair>
        <key>highlight</key>
        <styleUrl>#icon-1603-AFB42B-highlight</styleUrl>
      </Pair>
    </StyleMap>
    <Placemark>
      <name>Найпростіше укриття</name>
      <description><![CDATA[Розташування: м.Рівне вулиця В'ячеслава Чорновола, 49<br>Форма власності: державна<br>Балансоутримувач: Національний університет водного господарства та природокористування<br>Наявність пристосування для доступу осіб з інвалідністю та інших маломобільних груп населення (пандусу): відсутнє<br>Контакт відповідального за ключі : <br>Номер: ]]></description>
      <styleUrl>#icon-1603-AFB42B</styleUrl>
      <ExtendedData>
        <Data name="Розташування">
          <value><![CDATA[м.Рівне вулиця В'ячеслава Чорновола, 49]]></value>
        </Data>
        <Data name="Форма власності">
          <value>державна</value>
        </Data>
        <Data name="Балансоутримувач">
          <value>Національний університет водного господарства та природокористування</value>
        </Data>
        <Data name="Наявність пристосування для доступу осіб з інвалідністю та інших маломобільних груп населення (пандусу)">
          <value>відсутнє</value>
        </Data>
        <Data name="Контакт відповідального за ключі ">
          <value/>
        </Data>
        <Data name="Номер">
          <value/>
        </Data>
      </ExtendedData>
      <Point>
        <coordinates>
          26.2593168,50.6096135,0
        </coordinates>
      </Point>
    </Placemark>
    <Placemark>
      <name>Найпростіше укриття </name>
      <description><![CDATA[Розташування: м. Рівне, вулиця Марка Вовчка, 29А<br>Форма власності: комунальна<br>Балансоутримувач: Рівненський ліцей №9 Рівненської міської ради<br>Наявність пристосування для доступу осіб з інвалідністю та інших маломобільних груп населення (пандусу): відсутнє<br>Контакт відповідального за ключі : <br>Номер: ]]></description>
      <styleUrl>#icon-1603-AFB42B</styleUrl>
      <ExtendedData>
        <Data name="Розташування">
          <value>м. Рівне, вулиця Марка Вовчка, 29А</value>
        </Data>
        <Data name="Форма власності">
          <value>комунальна</value>
        </Data>
        <Data name="Балансоутримувач">
          <value>Рівненський ліцей №9 Рівненської міської ради</value>
        </Data>
        <Data name="Наявність пристосування для доступу осіб з інвалідністю та інших маломобільних груп населення (пандусу)">
          <value>відсутнє</value>
        </Data>
        <Data name="Контакт відповідального за ключі ">
          <value/>
        </Data>
        <Data name="Номер">
          <value/>
        </Data>
      </ExtendedData>
      <Point>
        <coordinates>
          26.2729452,50.6132227,0
        </coordinates>
      </Point>
    </Placemark>
    <Placemark>
      <name>Найпростіше укриття </name>
      <description><![CDATA[Розташування: м. Рівне, вулиця Вербова, 42<br>Форма власності: комунальна<br>Балансоутримувач: Рівненський ліцей №23 Рівненської міської ради<br>Наявність пристосування для доступу осіб з інвалідністю та інших маломобільних груп населення (пандусу): відсутнє<br>Контакт відповідального за ключі : <br>Номер: ]]></description>
      <styleUrl>#icon-1603-AFB42B</styleUrl>
      <ExtendedData>
        <Data name="Розташування">
          <value>м. Рівне, вулиця Вербова, 42</value>
        </Data>
        <Data name="Форма власності">
          <value>комунальна</value>
        </Data>
        <Data name="Балансоутримувач">
          <value>Рівненський ліцей №23 Рівненської міської ради</value>
        </Data>
        <Data name="Наявність пристосування для доступу осіб з інвалідністю та інших маломобільних груп населення (пандусу)">
          <value>відсутнє</value>
        </Data>
        <Data name="Контакт відповідального за ключі ">
          <value/>
        </Data>
        <Data name="Номер">
          <value/>
        </Data>
      </ExtendedData>
      <Point>
        <coordinates>
          26.2044875,50.6319945,0
        </coordinates>
      </Point>
    </Placemark>
    <Placemark>
      <name>Найпростіше укриття </name>
      <description><![CDATA[Розташування: м. Рівне, вулиця Поповича , 15<br>Форма власності: комунальна<br>Балансоутримувач: Заклад дошкільної освіти (ясла-садок) № 50 Рівненської міської ради<br>Наявність пристосування для доступу осіб з інвалідністю та інших маломобільних груп населення (пандусу): відсутнє<br>Контакт відповідального за ключі : <br>Номер: ]]></description>
      <styleUrl>#icon-1603-AFB42B</styleUrl>
      <ExtendedData>
        <Data name="Розташування">
          <value>м. Рівне, вулиця Поповича , 15</value>
        </Data>
        <Data name="Форма власності">
          <value>комунальна</value>
        </Data>
        <Data name="Балансоутримувач">
          <value>Заклад дошкільної освіти (ясла-садок) № 50 Рівненської міської ради</value>
        </Data>
        <Data name="Наявність пристосування для доступу осіб з інвалідністю та інших маломобільних груп населення (пандусу)">
          <value>відсутнє</value>
        </Data>
        <Data name="Контакт відповідального за ключі ">
          <value/>
        </Data>
        <Data name="Номер">
          <value/>
        </Data>
      </ExtendedData>
      <Point>
        <coordinates>
          26.2264625,50.6139566,0
        </coordinates>
      </Point>
    </Placemark>
    <Placemark>
      <name>Найпростіше укриття </name>
      <description><![CDATA[Розташування: м. Рівне, вулиця Кулика і Гудачека, 32<br>Форма власності: комунальна <br>Балансоутримувач: Заклад дошкільної освіти (ясла-сад) №42 Рівненської міської ради<br>Наявність пристосування для доступу осіб з інвалідністю та інших маломобільних груп населення (пандусу): відсутнє<br>Контакт відповідального за ключі : <br>Номер: ]]></description>
      <styleUrl>#icon-1603-AFB42B</styleUrl>
      <ExtendedData>
        <Data name="Розташування">
          <value>м. Рівне, вулиця Кулика і Гудачека, 32</value>
        </Data>
        <Data name="Форма власності">
          <value>комунальна </value>
        </Data>
        <Data name="Балансоутримувач">
          <value>Заклад дошкільної освіти (ясла-сад) №42 Рівненської міської ради</value>
        </Data>
        <Data name="Наявність пристосування для доступу осіб з інвалідністю та інших маломобільних груп населення (пандусу)">
          <value>відсутнє</value>
        </Data>
        <Data name="Контакт відповідального за ключі ">
          <value/>
        </Data>
        <Data name="Номер">
          <value/>
        </Data>
      </ExtendedData>
      <Point>
        <coordinates>
          26.2026075,50.6325989,0
        </coordinates>
      </Point>
    </Placemark>
    <Placemark>
      <name>Найпростіше укриття </name>
      <description><![CDATA[Розташування: м. Рівне, вулиця В'ячеслава Чорновола, 101<br>Форма власності: комунальна<br>Балансоутримувач: Рівненський ліцей №16 Рівненської міської ради<br>Наявність пристосування для доступу осіб з інвалідністю та інших маломобільних груп населення (пандусу): відсутнє<br>Контакт відповідального за ключі : тел. 681285<br>Номер: ]]></description>
      <styleUrl>#icon-1603-AFB42B</styleUrl>
      <ExtendedData>
        <Data name="Розташування">
          <value><![CDATA[м. Рівне, вулиця В'ячеслава Чорновола, 101]]></value>
        </Data>
        <Data name="Форма власності">
          <value>комунальна</value>
        </Data>
        <Data name="Балансоутримувач">
          <value>Рівненський ліцей №16 Рівненської міської ради</value>
        </Data>
        <Data name="Наявність пристосування для доступу осіб з інвалідністю та інших маломобільних груп населення (пандусу)">
          <value>відсутнє</value>
        </Data>
        <Data name="Контакт відповідального за ключі ">
          <value>тел. 681285</value>
        </Data>
        <Data name="Номер">
          <value/>
        </Data>
      </ExtendedData>
      <Point>
        <coordinates>
          26.2594306,50.5861711,0
        </coordinates>
      </Point>
    </Placemark>
    <Placemark>
      <name>Найпростіше укриття </name>
      <description><![CDATA[Розташування: м. Рівне, вулиця Олега Тарасюка, 23А<br>Форма власності: комунальна<br>Балансоутримувач: Заклад дошкільної освіти (ясла-садок) №4 Рівненської міської ради <br>Наявність пристосування для доступу осіб з інвалідністю та інших маломобільних груп населення (пандусу): відсутнє<br>Контакт відповідального за ключі : <br>Номер: ]]></description>
      <styleUrl>#icon-1603-AFB42B</styleUrl>
      <ExtendedData>
        <Data name="Розташування">
          <value>м. Рівне, вулиця Олега Тарасюка, 23А</value>
        </Data>
        <Data name="Форма власності">
          <value>комунальна</value>
        </Data>
        <Data name="Балансоутримувач">
          <value>Заклад дошкільної освіти (ясла-садок) №4 Рівненської міської ради </value>
        </Data>
        <Data name="Наявність пристосування для доступу осіб з інвалідністю та інших маломобільних груп населення (пандусу)">
          <value>відсутнє</value>
        </Data>
        <Data name="Контакт відповідального за ключі ">
          <value/>
        </Data>
        <Data name="Номер">
          <value/>
        </Data>
      </ExtendedData>
      <Point>
        <coordinates>
          26.2651688,50.628874,0
        </coordinates>
      </Point>
    </Placemark>
    <Placemark>
      <name>Найпростіше укриття</name>
      <description><![CDATA[Розташування: м. Рівне, вулиця 16 Липня, 54<br>Форма власності: Комунальна<br>Балансоутримувач: Заклад дошкільної освіти (ясла-садок) №3 Рівненської міської ради<br>Наявність пристосування для доступу осіб з інвалідністю та інших маломобільних груп населення (пандусу): відсутнє<br>Контакт відповідального за ключі : <br>Номер: ]]></description>
      <styleUrl>#icon-1603-AFB42B</styleUrl>
      <ExtendedData>
        <Data name="Розташування">
          <value>м. Рівне, вулиця 16 Липня, 54</value>
        </Data>
        <Data name="Форма власності">
          <value>Комунальна</value>
        </Data>
        <Data name="Балансоутримувач">
          <value>Заклад дошкільної освіти (ясла-садок) №3 Рівненської міської ради</value>
        </Data>
        <Data name="Наявність пристосування для доступу осіб з інвалідністю та інших маломобільних груп населення (пандусу)">
          <value>відсутнє</value>
        </Data>
        <Data name="Контакт відповідального за ключі ">
          <value/>
        </Data>
        <Data name="Номер">
          <value/>
        </Data>
      </ExtendedData>
      <Point>
        <coordinates>
          26.2490849,50.6138011,0
        </coordinates>
      </Point>
    </Placemark>
    <Placemark>
      <name>Найпростіше укриття</name>
      <description><![CDATA[Розташування: м. Рівне, вулиця Вербова, 6<br>Форма власності: Комунальна<br>Балансоутримувач: Заклад дошкільної освіти (ясла-садок) №40 Рівненської міської ради<br>Наявність пристосування для доступу осіб з інвалідністю та інших маломобільних груп населення (пандусу): Відсутнє<br>Контакт відповідального за ключі : <br>Номер: ]]></description>
      <styleUrl>#icon-1603-AFB42B</styleUrl>
      <ExtendedData>
        <Data name="Розташування">
          <value>м. Рівне, вулиця Вербова, 6</value>
        </Data>
        <Data name="Форма власності">
          <value>Комунальна</value>
        </Data>
        <Data name="Балансоутримувач">
          <value>Заклад дошкільної освіти (ясла-садок) №40 Рівненської міської ради</value>
        </Data>
        <Data name="Наявність пристосування для доступу осіб з інвалідністю та інших маломобільних груп населення (пандусу)">
          <value>Відсутнє</value>
        </Data>
        <Data name="Контакт відповідального за ключі ">
          <value/>
        </Data>
        <Data name="Номер">
          <value/>
        </Data>
      </ExtendedData>
      <Point>
        <coordinates>
          26.2154333,50.6309847,0
        </coordinates>
      </Point>
    </Placemark>
    <Placemark>
      <name>Найпростіше укриття</name>
      <description><![CDATA[Розташування: м. Рівне, вулиця Данила Галицького, 14А<br>Форма власності: Комунальна<br>Балансоутримувач: Рівненський ліцей №11 Рівненської міської ради<br>Наявність пристосування для доступу осіб з інвалідністю та інших маломобільних груп населення (пандусу): Відсутнє<br>Контакт відповідального за ключі : <br>Номер: ]]></description>
      <styleUrl>#icon-1603-AFB42B</styleUrl>
      <ExtendedData>
        <Data name="Розташування">
          <value>м. Рівне, вулиця Данила Галицького, 14А</value>
        </Data>
        <Data name="Форма власності">
          <value>Комунальна</value>
        </Data>
        <Data name="Балансоутримувач">
          <value>Рівненський ліцей №11 Рівненської міської ради</value>
        </Data>
        <Data name="Наявність пристосування для доступу осіб з інвалідністю та інших маломобільних груп населення (пандусу)">
          <value>Відсутнє</value>
        </Data>
        <Data name="Контакт відповідального за ключі ">
          <value/>
        </Data>
        <Data name="Номер">
          <value/>
        </Data>
      </ExtendedData>
      <Point>
        <coordinates>
          26.2801643,50.6074857,0
        </coordinates>
      </Point>
    </Placemark>
    <Placemark>
      <name>Найпростіше укриття</name>
      <description><![CDATA[Розташування: м. Рівне, вулиця Якова Бичківського, 13<br>Форма власності: Комунальна<br>Балансоутримувач: Рівненський ліцей №3 Рівненської міської ради<br>Наявність пристосування для доступу осіб з інвалідністю та інших маломобільних груп населення (пандусу): Відсутнє<br>Контакт відповідального за ключі : <br>Номер: ]]></description>
      <styleUrl>#icon-1603-AFB42B</styleUrl>
      <ExtendedData>
        <Data name="Розташування">
          <value>м. Рівне, вулиця Якова Бичківського, 13</value>
        </Data>
        <Data name="Форма власності">
          <value>Комунальна</value>
        </Data>
        <Data name="Балансоутримувач">
          <value>Рівненський ліцей №3 Рівненської міської ради</value>
        </Data>
        <Data name="Наявність пристосування для доступу осіб з інвалідністю та інших маломобільних груп населення (пандусу)">
          <value>Відсутнє</value>
        </Data>
        <Data name="Контакт відповідального за ключі ">
          <value/>
        </Data>
        <Data name="Номер">
          <value/>
        </Data>
      </ExtendedData>
      <Point>
        <coordinates>
          26.231499,50.623423,0
        </coordinates>
      </Point>
    </Placemark>
    <Placemark>
      <name>Найпростіше укриття</name>
      <description><![CDATA[Розташування: м. Рівне, вулиця Олені Теліги, 27А<br>Форма власності: Комунальна<br>Балансоутримувач: Рівненський ліцей №20  Рівненської міської ради<br>Наявність пристосування для доступу осіб з інвалідністю та інших маломобільних груп населення (пандусу): Відсутнє<br>Контакт відповідального за ключі : <br>Номер: ]]></description>
      <styleUrl>#icon-1603-AFB42B</styleUrl>
      <ExtendedData>
        <Data name="Розташування">
          <value>м. Рівне, вулиця Олені Теліги, 27А</value>
        </Data>
        <Data name="Форма власності">
          <value>Комунальна</value>
        </Data>
        <Data name="Балансоутримувач">
          <value>Рівненський ліцей №20  Рівненської міської ради</value>
        </Data>
        <Data name="Наявність пристосування для доступу осіб з інвалідністю та інших маломобільних груп населення (пандусу)">
          <value>Відсутнє</value>
        </Data>
        <Data name="Контакт відповідального за ключі ">
          <value/>
        </Data>
        <Data name="Номер">
          <value/>
        </Data>
      </ExtendedData>
      <Point>
        <coordinates>
          26.2188345,50.6224181,0
        </coordinates>
      </Point>
    </Placemark>
    <Placemark>
      <name>Найпростіше укриття</name>
      <description><![CDATA[Розташування: м. Рівне, вулиця Князя Острозького, 20<br>Форма власності: Комунальна<br>Балансоутримувач: Рівненський ліцей №8 Рівненської міської ради<br>Наявність пристосування для доступу осіб з інвалідністю та інших маломобільних груп населення (пандусу): Відсутнє<br>Контакт відповідального за ключі : <br>Номер: ]]></description>
      <styleUrl>#icon-1603-AFB42B</styleUrl>
      <ExtendedData>
        <Data name="Розташування">
          <value>м. Рівне, вулиця Князя Острозького, 20</value>
        </Data>
        <Data name="Форма власності">
          <value>Комунальна</value>
        </Data>
        <Data name="Балансоутримувач">
          <value>Рівненський ліцей №8 Рівненської міської ради</value>
        </Data>
        <Data name="Наявність пристосування для доступу осіб з інвалідністю та інших маломобільних груп населення (пандусу)">
          <value>Відсутнє</value>
        </Data>
        <Data name="Контакт відповідального за ключі ">
          <value/>
        </Data>
        <Data name="Номер">
          <value/>
        </Data>
      </ExtendedData>
      <Point>
        <coordinates>
          26.2016612,50.6372101,0
        </coordinates>
      </Point>
    </Placemark>
    <Placemark>
      <name>Найпростіше укриття</name>
      <description><![CDATA[Розташування: м. Рівне, вулиця Гранична, 4а<br>Форма власності: Комунальна<br>Балансоутримувач: Заклад дошкільної освіти №41 Рівненської міської ради<br>Наявність пристосування для доступу осіб з інвалідністю та інших маломобільних груп населення (пандусу): Відсутнє<br>Контакт відповідального за ключі : <br>Номер: ]]></description>
      <styleUrl>#icon-1603-AFB42B</styleUrl>
      <ExtendedData>
        <Data name="Розташування">
          <value>м. Рівне, вулиця Гранична, 4а</value>
        </Data>
        <Data name="Форма власності">
          <value>Комунальна</value>
        </Data>
        <Data name="Балансоутримувач">
          <value>Заклад дошкільної освіти №41 Рівненської міської ради</value>
        </Data>
        <Data name="Наявність пристосування для доступу осіб з інвалідністю та інших маломобільних груп населення (пандусу)">
          <value>Відсутнє</value>
        </Data>
        <Data name="Контакт відповідального за ключі ">
          <value/>
        </Data>
        <Data name="Номер">
          <value/>
        </Data>
      </ExtendedData>
      <Point>
        <coordinates>
          26.2714347,50.6184743,0
        </coordinates>
      </Point>
    </Placemark>
    <Placemark>
      <name>Найпростіше укриття</name>
      <description><![CDATA[Розташування: м. Рівне, вулиця Карпинського, 15 а<br>Форма власності: Комунальна<br>Балансоутримувач: Рівненський ліцей №18 Рівненської міської ради<br>Наявність пристосування для доступу осіб з інвалідністю та інших маломобільних груп населення (пандусу): Відсутнє<br>Контакт відповідального за ключі : <br>Номер: ]]></description>
      <styleUrl>#icon-1603-AFB42B</styleUrl>
      <ExtendedData>
        <Data name="Розташування">
          <value>м. Рівне, вулиця Карпинського, 15 а</value>
        </Data>
        <Data name="Форма власності">
          <value>Комунальна</value>
        </Data>
        <Data name="Балансоутримувач">
          <value>Рівненський ліцей №18 Рівненської міської ради</value>
        </Data>
        <Data name="Наявність пристосування для доступу осіб з інвалідністю та інших маломобільних груп населення (пандусу)">
          <value>Відсутнє</value>
        </Data>
        <Data name="Контакт відповідального за ключі ">
          <value/>
        </Data>
        <Data name="Номер">
          <value/>
        </Data>
      </ExtendedData>
      <Point>
        <coordinates>
          26.2725487,50.6089565,0
        </coordinates>
      </Point>
    </Placemark>
    <Placemark>
      <name>Найпростіше укриття</name>
      <description><![CDATA[Розташування: м. Рівне, вулиця Миколи Негребецького, 20<br>Форма власності: Комунальна<br>Балансоутримувач: Рівненська гімназія №5 Рівненської міської ради<br>Наявність пристосування для доступу осіб з інвалідністю та інших маломобільних груп населення (пандусу): Відсутнє<br>Контакт відповідального за ключі : <br>Номер: ]]></description>
      <styleUrl>#icon-1603-AFB42B</styleUrl>
      <ExtendedData>
        <Data name="Розташування">
          <value>м. Рівне, вулиця Миколи Негребецького, 20</value>
        </Data>
        <Data name="Форма власності">
          <value>Комунальна</value>
        </Data>
        <Data name="Балансоутримувач">
          <value>Рівненська гімназія №5 Рівненської міської ради</value>
        </Data>
        <Data name="Наявність пристосування для доступу осіб з інвалідністю та інших маломобільних груп населення (пандусу)">
          <value>Відсутнє</value>
        </Data>
        <Data name="Контакт відповідального за ключі ">
          <value/>
        </Data>
        <Data name="Номер">
          <value/>
        </Data>
      </ExtendedData>
      <Point>
        <coordinates>
          26.2567683,50.6266914,0
        </coordinates>
      </Point>
    </Placemark>
    <Placemark>
      <name>Найпростіше укриття</name>
      <description><![CDATA[Розташування: м. Рівне, перевулок Ігоря Волошина, 12 А<br>Форма власності: Комунальна<br>Балансоутримувач: Рівненський ліцей "Центр Надії" Рівненської міської ради<br>Наявність пристосування для доступу осіб з інвалідністю та інших маломобільних груп населення (пандусу): Відсутнє<br>Контакт відповідального за ключі : <br>Номер: ]]></description>
      <styleUrl>#icon-1603-AFB42B</styleUrl>
      <ExtendedData>
        <Data name="Розташування">
          <value>м. Рівне, перевулок Ігоря Волошина, 12 А</value>
        </Data>
        <Data name="Форма власності">
          <value>Комунальна</value>
        </Data>
        <Data name="Балансоутримувач">
          <value><![CDATA[Рівненський ліцей "Центр Надії" Рівненської міської ради]]></value>
        </Data>
        <Data name="Наявність пристосування для доступу осіб з інвалідністю та інших маломобільних груп населення (пандусу)">
          <value>Відсутнє</value>
        </Data>
        <Data name="Контакт відповідального за ключі ">
          <value/>
        </Data>
        <Data name="Номер">
          <value/>
        </Data>
      </ExtendedData>
      <Point>
        <coordinates>
          26.2546927,50.6211053,0
        </coordinates>
      </Point>
    </Placemark>
    <Placemark>
      <name>Найпростіше укриття</name>
      <description><![CDATA[Розташування: м. Рівне, вулиця Князя Романа, 16<br>Форма власності: Комунальна<br>Балансоутримувач: Рівненський ліцей "Гармонія" Рівненської міської ради<br>Наявність пристосування для доступу осіб з інвалідністю та інших маломобільних груп населення (пандусу): Відсутнє<br>Контакт відповідального за ключі : <br>Номер: ]]></description>
      <styleUrl>#icon-1603-AFB42B</styleUrl>
      <ExtendedData>
        <Data name="Розташування">
          <value>м. Рівне, вулиця Князя Романа, 16</value>
        </Data>
        <Data name="Форма власності">
          <value>Комунальна</value>
        </Data>
        <Data name="Балансоутримувач">
          <value><![CDATA[Рівненський ліцей "Гармонія" Рівненської міської ради]]></value>
        </Data>
        <Data name="Наявність пристосування для доступу осіб з інвалідністю та інших маломобільних груп населення (пандусу)">
          <value>Відсутнє</value>
        </Data>
        <Data name="Контакт відповідального за ключі ">
          <value/>
        </Data>
        <Data name="Номер">
          <value/>
        </Data>
      </ExtendedData>
      <Point>
        <coordinates>
          26.2753626,50.6370612,0
        </coordinates>
      </Point>
    </Placemark>
    <Placemark>
      <name>Найпростіше укриття</name>
      <description><![CDATA[Розташування: м. Рівне, проспект Генерала Безручка, 26<br>Форма власності: Комунальна<br>Балансоутримувач: Рівненський ліцей "Гармонія" Рівненської міської ради<br>Наявність пристосування для доступу осіб з інвалідністю та інших маломобільних груп населення (пандусу): Відсутнє<br>Контакт відповідального за ключі : <br>Номер: ]]></description>
      <styleUrl>#icon-1603-AFB42B</styleUrl>
      <ExtendedData>
        <Data name="Розташування">
          <value>м. Рівне, проспект Генерала Безручка, 26</value>
        </Data>
        <Data name="Форма власності">
          <value>Комунальна</value>
        </Data>
        <Data name="Балансоутримувач">
          <value><![CDATA[Рівненський ліцей "Гармонія" Рівненської міської ради]]></value>
        </Data>
        <Data name="Наявність пристосування для доступу осіб з інвалідністю та інших маломобільних груп населення (пандусу)">
          <value>Відсутнє</value>
        </Data>
        <Data name="Контакт відповідального за ключі ">
          <value/>
        </Data>
        <Data name="Номер">
          <value/>
        </Data>
      </ExtendedData>
      <Point>
        <coordinates>
          26.2769491,50.6385962,0
        </coordinates>
      </Point>
    </Placemark>
    <Placemark>
      <name>Найпростіше укриття</name>
      <description><![CDATA[Розташування: м. Рівне, проспект Генерала Безручка, 8а<br>Форма власності: Комунальна<br>Балансоутримувач: Заклад дошкільної освіти №12 Рівненської міської ради<br>Наявність пристосування для доступу осіб з інвалідністю та інших маломобільних груп населення (пандусу): Відсутнє<br>Контакт відповідального за ключі : <br>Номер: ]]></description>
      <styleUrl>#icon-1603-AFB42B</styleUrl>
      <ExtendedData>
        <Data name="Розташування">
          <value>м. Рівне, проспект Генерала Безручка, 8а</value>
        </Data>
        <Data name="Форма власності">
          <value>Комунальна</value>
        </Data>
        <Data name="Балансоутримувач">
          <value>Заклад дошкільної освіти №12 Рівненської міської ради</value>
        </Data>
        <Data name="Наявність пристосування для доступу осіб з інвалідністю та інших маломобільних груп населення (пандусу)">
          <value>Відсутнє</value>
        </Data>
        <Data name="Контакт відповідального за ключі ">
          <value/>
        </Data>
        <Data name="Номер">
          <value/>
        </Data>
      </ExtendedData>
      <Point>
        <coordinates>
          26.2716965,50.6356138,0
        </coordinates>
      </Point>
    </Placemark>
    <Placemark>
      <name>Найпростіше укриття</name>
      <description><![CDATA[Розташування: м. Рівне, вулиця Князя Романа, 14А<br>Форма власності: Комунальна<br>Балансоутримувач: Рівненський ліцей №22 Рівненської міської ради<br>Наявність пристосування для доступу осіб з інвалідністю та інших маломобільних груп населення (пандусу): Відсутнє<br>Контакт відповідального за ключі : <br>Номер: ]]></description>
      <styleUrl>#icon-1603-AFB42B</styleUrl>
      <ExtendedData>
        <Data name="Розташування">
          <value>м. Рівне, вулиця Князя Романа, 14А</value>
        </Data>
        <Data name="Форма власності">
          <value>Комунальна</value>
        </Data>
        <Data name="Балансоутримувач">
          <value>Рівненський ліцей №22 Рівненської міської ради</value>
        </Data>
        <Data name="Наявність пристосування для доступу осіб з інвалідністю та інших маломобільних груп населення (пандусу)">
          <value>Відсутнє</value>
        </Data>
        <Data name="Контакт відповідального за ключі ">
          <value/>
        </Data>
        <Data name="Номер">
          <value/>
        </Data>
      </ExtendedData>
      <Point>
        <coordinates>
          26.2768208,50.6370539,0
        </coordinates>
      </Point>
    </Placemark>
    <Placemark>
      <name>Найпростіше укриття</name>
      <description><![CDATA[Розташування: м. Рівне, вулиця Вербова, 40<br>Форма власності: Комунальна<br>Балансоутримувач: Заклад дошкільної освіти №44 Рівненської міської ради<br>Наявність пристосування для доступу осіб з інвалідністю та інших маломобільних груп населення (пандусу): Відсутнє<br>Контакт відповідального за ключі : <br>Номер: ]]></description>
      <styleUrl>#icon-1603-AFB42B</styleUrl>
      <ExtendedData>
        <Data name="Розташування">
          <value>м. Рівне, вулиця Вербова, 40</value>
        </Data>
        <Data name="Форма власності">
          <value>Комунальна</value>
        </Data>
        <Data name="Балансоутримувач">
          <value>Заклад дошкільної освіти №44 Рівненської міської ради</value>
        </Data>
        <Data name="Наявність пристосування для доступу осіб з інвалідністю та інших маломобільних груп населення (пандусу)">
          <value>Відсутнє</value>
        </Data>
        <Data name="Контакт відповідального за ключі ">
          <value/>
        </Data>
        <Data name="Номер">
          <value/>
        </Data>
      </ExtendedData>
      <Point>
        <coordinates>
          26.2064875,50.6320793,0
        </coordinates>
      </Point>
    </Placemark>
    <Placemark>
      <name>Найпростіше укриття</name>
      <description><![CDATA[Розташування: м. Рівне, вулиця Петра Дорошенка, 41<br>Форма власності: Комунальна<br>Балансоутримувач: Заклад дошкільної освіти (ясла-садок) №11 Рівненської міської ради<br>Наявність пристосування для доступу осіб з інвалідністю та інших маломобільних груп населення (пандусу): Відсутнє<br>Контакт відповідального за ключі : <br>Номер: ]]></description>
      <styleUrl>#icon-1603-AFB42B</styleUrl>
      <ExtendedData>
        <Data name="Розташування">
          <value>м. Рівне, вулиця Петра Дорошенка, 41</value>
        </Data>
        <Data name="Форма власності">
          <value>Комунальна</value>
        </Data>
        <Data name="Балансоутримувач">
          <value>Заклад дошкільної освіти (ясла-садок) №11 Рівненської міської ради</value>
        </Data>
        <Data name="Наявність пристосування для доступу осіб з інвалідністю та інших маломобільних груп населення (пандусу)">
          <value>Відсутнє</value>
        </Data>
        <Data name="Контакт відповідального за ключі ">
          <value/>
        </Data>
        <Data name="Номер">
          <value/>
        </Data>
      </ExtendedData>
      <Point>
        <coordinates>
          26.2350096,50.6231776,0
        </coordinates>
      </Point>
    </Placemark>
    <Placemark>
      <name>Найпростіше укриття</name>
      <description><![CDATA[Розташування: м. Рівне, вулиця Василя Червонія, 73<br>Форма власності: Комунальна<br>Балансоутримувач: Заклад дошкільної освіти  №35 Рівненської міської ради<br>Наявність пристосування для доступу осіб з інвалідністю та інших маломобільних груп населення (пандусу): Відсутнє<br>Контакт відповідального за ключі : <br>Номер: ]]></description>
      <styleUrl>#icon-1603-AFB42B</styleUrl>
      <ExtendedData>
        <Data name="Розташування">
          <value>м. Рівне, вулиця Василя Червонія, 73</value>
        </Data>
        <Data name="Форма власності">
          <value>Комунальна</value>
        </Data>
        <Data name="Балансоутримувач">
          <value>Заклад дошкільної освіти  №35 Рівненської міської ради</value>
        </Data>
        <Data name="Наявність пристосування для доступу осіб з інвалідністю та інших маломобільних груп населення (пандусу)">
          <value>Відсутнє</value>
        </Data>
        <Data name="Контакт відповідального за ключі ">
          <value/>
        </Data>
        <Data name="Номер">
          <value/>
        </Data>
      </ExtendedData>
      <Point>
        <coordinates>
          26.2796443,50.6363927,0
        </coordinates>
      </Point>
    </Placemark>
    <Placemark>
      <name>Найпростіше укриття </name>
      <description><![CDATA[Розташування: м. Рівне, вулиця Романа Шухевича, 28<br>Форма власності: Комунальна<br>Балансоутримувач: Заклад дошкільної освіти №55 Рівненської міської ради<br>Наявність пристосування для доступу осіб з інвалідністю та інших маломобільних груп населення (пандусу): Відсутнє<br>Контакт відповідального за ключі : <br>Номер: ]]></description>
      <styleUrl>#icon-1603-AFB42B</styleUrl>
      <ExtendedData>
        <Data name="Розташування">
          <value>м. Рівне, вулиця Романа Шухевича, 28</value>
        </Data>
        <Data name="Форма власності">
          <value>Комунальна</value>
        </Data>
        <Data name="Балансоутримувач">
          <value>Заклад дошкільної освіти №55 Рівненської міської ради</value>
        </Data>
        <Data name="Наявність пристосування для доступу осіб з інвалідністю та інших маломобільних груп населення (пандусу)">
          <value>Відсутнє</value>
        </Data>
        <Data name="Контакт відповідального за ключі ">
          <value/>
        </Data>
        <Data name="Номер">
          <value/>
        </Data>
      </ExtendedData>
      <Point>
        <coordinates>
          26.2598662,50.6339983,0
        </coordinates>
      </Point>
    </Placemark>
    <Placemark>
      <name>Найпростіше укриття</name>
      <description><![CDATA[Розташування: м. Рівне, вулиця Василя Червонія, 53<br>Форма власності: Комунальна <br>Балансоутримувач: Рівненський ліцей №13 Рівненської міської ради<br>Наявність пристосування для доступу осіб з інвалідністю та інших маломобільних груп населення (пандусу): Відсутнє<br>Контакт відповідального за ключі : <br>Номер: ]]></description>
      <styleUrl>#icon-1603-AFB42B</styleUrl>
      <ExtendedData>
        <Data name="Розташування">
          <value>м. Рівне, вулиця Василя Червонія, 53</value>
        </Data>
        <Data name="Форма власності">
          <value>Комунальна </value>
        </Data>
        <Data name="Балансоутримувач">
          <value>Рівненський ліцей №13 Рівненської міської ради</value>
        </Data>
        <Data name="Наявність пристосування для доступу осіб з інвалідністю та інших маломобільних груп населення (пандусу)">
          <value>Відсутнє</value>
        </Data>
        <Data name="Контакт відповідального за ключі ">
          <value/>
        </Data>
        <Data name="Номер">
          <value/>
        </Data>
      </ExtendedData>
      <Point>
        <coordinates>
          26.2717501,50.6339554,0
        </coordinates>
      </Point>
    </Placemark>
    <Placemark>
      <name>Найпростіше укриття</name>
      <description><![CDATA[Розташування: м. Рівне, вулиця Шевченка, 103<br>Форма власності: Комунальна<br>Балансоутримувач: Рівненський ліцей "Колегіум" Рівненської міської ради<br>Наявність пристосування для доступу осіб з інвалідністю та інших маломобільних груп населення (пандусу): Відсутнє<br>Контакт відповідального за ключі : <br>Номер: ]]></description>
      <styleUrl>#icon-1603-AFB42B</styleUrl>
      <ExtendedData>
        <Data name="Розташування">
          <value>м. Рівне, вулиця Шевченка, 103</value>
        </Data>
        <Data name="Форма власності">
          <value>Комунальна</value>
        </Data>
        <Data name="Балансоутримувач">
          <value><![CDATA[Рівненський ліцей "Колегіум" Рівненської міської ради]]></value>
        </Data>
        <Data name="Наявність пристосування для доступу осіб з інвалідністю та інших маломобільних груп населення (пандусу)">
          <value>Відсутнє</value>
        </Data>
        <Data name="Контакт відповідального за ключі ">
          <value/>
        </Data>
        <Data name="Номер">
          <value/>
        </Data>
      </ExtendedData>
      <Point>
        <coordinates>
          26.2468229,50.6262473,0
        </coordinates>
      </Point>
    </Placemark>
    <Placemark>
      <name>Найпростіше укриття </name>
      <description><![CDATA[Розташування: м. Рівне, вулиця Олені Пчілки, 9<br>Форма власності: Комунальна<br>Балансоутримувач: Рівненський ліцей №6 Рівненської міської ради<br>Наявність пристосування для доступу осіб з інвалідністю та інших маломобільних груп населення (пандусу): Відсутнє<br>Контакт відповідального за ключі : <br>Номер: ]]></description>
      <styleUrl>#icon-1603-AFB42B</styleUrl>
      <ExtendedData>
        <Data name="Розташування">
          <value>м. Рівне, вулиця Олені Пчілки, 9</value>
        </Data>
        <Data name="Форма власності">
          <value>Комунальна</value>
        </Data>
        <Data name="Балансоутримувач">
          <value>Рівненський ліцей №6 Рівненської міської ради</value>
        </Data>
        <Data name="Наявність пристосування для доступу осіб з інвалідністю та інших маломобільних груп населення (пандусу)">
          <value>Відсутнє</value>
        </Data>
        <Data name="Контакт відповідального за ключі ">
          <value/>
        </Data>
        <Data name="Номер">
          <value/>
        </Data>
      </ExtendedData>
      <Point>
        <coordinates>
          26.2261068,50.6127054,0
        </coordinates>
      </Point>
    </Placemark>
    <Placemark>
      <name>Найпростіше укриття </name>
      <description><![CDATA[Розташування: м. Рівне, вулиця Боярка, 14<br>Форма власності: Комунальна<br>Балансоутримувач: Заклад дошкільної освіти № 7 Рівненської міської ради<br>Наявність пристосування для доступу осіб з інвалідністю та інших маломобільних груп населення (пандусу): Відсутнє<br>Контакт відповідального за ключі : <br>Номер: ]]></description>
      <styleUrl>#icon-1603-AFB42B</styleUrl>
      <ExtendedData>
        <Data name="Розташування">
          <value>м. Рівне, вулиця Боярка, 14</value>
        </Data>
        <Data name="Форма власності">
          <value>Комунальна</value>
        </Data>
        <Data name="Балансоутримувач">
          <value>Заклад дошкільної освіти № 7 Рівненської міської ради</value>
        </Data>
        <Data name="Наявність пристосування для доступу осіб з інвалідністю та інших маломобільних груп населення (пандусу)">
          <value>Відсутнє</value>
        </Data>
        <Data name="Контакт відповідального за ключі ">
          <value/>
        </Data>
        <Data name="Номер">
          <value/>
        </Data>
      </ExtendedData>
      <Point>
        <coordinates>
          26.2160162,50.62122,0
        </coordinates>
      </Point>
    </Placemark>
    <Placemark>
      <name>Найпростіше укриття</name>
      <description><![CDATA[Розташування: м. Рівне, вулиця Котляревського, 1<br>Форма власності: Комунальна<br>Балансоутримувач: Обласний науковий ліцей в м. Рівне Рівненської обласної ради<br>Наявність пристосування для доступу осіб з інвалідністю та інших маломобільних груп населення (пандусу): Відсутнє<br>Контакт відповідального за ключі : <br>Номер: ]]></description>
      <styleUrl>#icon-1603-AFB42B</styleUrl>
      <ExtendedData>
        <Data name="Розташування">
          <value>м. Рівне, вулиця Котляревського, 1</value>
        </Data>
        <Data name="Форма власності">
          <value>Комунальна</value>
        </Data>
        <Data name="Балансоутримувач">
          <value>Обласний науковий ліцей в м. Рівне Рівненської обласної ради</value>
        </Data>
        <Data name="Наявність пристосування для доступу осіб з інвалідністю та інших маломобільних груп населення (пандусу)">
          <value>Відсутнє</value>
        </Data>
        <Data name="Контакт відповідального за ключі ">
          <value/>
        </Data>
        <Data name="Номер">
          <value/>
        </Data>
      </ExtendedData>
      <Point>
        <coordinates>
          26.2524014,50.6102279,0
        </coordinates>
      </Point>
    </Placemark>
    <Placemark>
      <name>Найпростіше укриття</name>
      <description><![CDATA[Розташування: м. Рівне, вулиця Словацького 7<br>Форма власності: Державна<br>Балансоутримувач: Міністерство юстиції України Державна установа "Центр пробації" у Рівненській області<br>Наявність пристосування для доступу осіб з інвалідністю та інших маломобільних груп населення (пандусу): Відсутнє<br>Контакт відповідального за ключі : <br>Номер: ]]></description>
      <styleUrl>#icon-1603-AFB42B</styleUrl>
      <ExtendedData>
        <Data name="Розташування">
          <value>м. Рівне, вулиця Словацького 7</value>
        </Data>
        <Data name="Форма власності">
          <value>Державна</value>
        </Data>
        <Data name="Балансоутримувач">
          <value><![CDATA[Міністерство юстиції України Державна установа "Центр пробації" у Рівненській області]]></value>
        </Data>
        <Data name="Наявність пристосування для доступу осіб з інвалідністю та інших маломобільних груп населення (пандусу)">
          <value>Відсутнє</value>
        </Data>
        <Data name="Контакт відповідального за ключі ">
          <value/>
        </Data>
        <Data name="Номер">
          <value/>
        </Data>
      </ExtendedData>
      <Point>
        <coordinates>
          26.2505944,50.6223109,0
        </coordinates>
      </Point>
    </Placemark>
    <Placemark>
      <name>Найпростіше укриття</name>
      <description><![CDATA[Розташування: м. Рівне, вулиця Соборна, 3Д<br>Форма власності: Комунальна<br>Балансоутримувач: Міський будинок культури Рівненської міської ради<br>Наявність пристосування для доступу осіб з інвалідністю та інших маломобільних груп населення (пандусу): Відсутнє<br>Контакт відповідального за ключі : <br>Номер: ]]></description>
      <styleUrl>#icon-1603-AFB42B</styleUrl>
      <ExtendedData>
        <Data name="Розташування">
          <value>м. Рівне, вулиця Соборна, 3Д</value>
        </Data>
        <Data name="Форма власності">
          <value>Комунальна</value>
        </Data>
        <Data name="Балансоутримувач">
          <value>Міський будинок культури Рівненської міської ради</value>
        </Data>
        <Data name="Наявність пристосування для доступу осіб з інвалідністю та інших маломобільних груп населення (пандусу)">
          <value>Відсутнє</value>
        </Data>
        <Data name="Контакт відповідального за ключі ">
          <value/>
        </Data>
        <Data name="Номер">
          <value/>
        </Data>
      </ExtendedData>
      <Point>
        <coordinates>
          26.2554837,50.6176958,0
        </coordinates>
      </Point>
    </Placemark>
    <Placemark>
      <name>Найпростіше укриття</name>
      <description><![CDATA[Розташування: м. Рівне, вулиця Степана Дем'янчука, 18<br>Форма власності: Державна<br>Балансоутримувач: Державна служба надзвичайних ситуацій України<br>Наявність пристосування для доступу осіб з інвалідністю та інших маломобільних груп населення (пандусу): Відсутнє<br>Контакт відповідального за ключі : <br>Номер: ]]></description>
      <styleUrl>#icon-1603-AFB42B</styleUrl>
      <ExtendedData>
        <Data name="Розташування">
          <value><![CDATA[м. Рівне, вулиця Степана Дем'янчука, 18]]></value>
        </Data>
        <Data name="Форма власності">
          <value>Державна</value>
        </Data>
        <Data name="Балансоутримувач">
          <value>Державна служба надзвичайних ситуацій України</value>
        </Data>
        <Data name="Наявність пристосування для доступу осіб з інвалідністю та інших маломобільних груп населення (пандусу)">
          <value>Відсутнє</value>
        </Data>
        <Data name="Контакт відповідального за ключі ">
          <value/>
        </Data>
        <Data name="Номер">
          <value/>
        </Data>
      </ExtendedData>
      <Point>
        <coordinates>
          26.2902699,50.6065363,0
        </coordinates>
      </Point>
    </Placemark>
    <Placemark>
      <name>Найпростіше укриття</name>
      <description><![CDATA[Розташування: м. Рівне, вулиця Млинівська, 34<br>Форма власності: Державна<br>Балансоутримувач: Державна служба надзвичайних ситуацій України <br>Наявність пристосування для доступу осіб з інвалідністю та інших маломобільних груп населення (пандусу): Відсутнє<br>Контакт відповідального за ключі : <br>Номер: ]]></description>
      <styleUrl>#icon-1603-AFB42B</styleUrl>
      <ExtendedData>
        <Data name="Розташування">
          <value>м. Рівне, вулиця Млинівська, 34</value>
        </Data>
        <Data name="Форма власності">
          <value>Державна</value>
        </Data>
        <Data name="Балансоутримувач">
          <value>Державна служба надзвичайних ситуацій України </value>
        </Data>
        <Data name="Наявність пристосування для доступу осіб з інвалідністю та інших маломобільних груп населення (пандусу)">
          <value>Відсутнє</value>
        </Data>
        <Data name="Контакт відповідального за ключі ">
          <value/>
        </Data>
        <Data name="Номер">
          <value/>
        </Data>
      </ExtendedData>
      <Point>
        <coordinates>
          26.1948525,50.6428194,0
        </coordinates>
      </Point>
    </Placemark>
    <Placemark>
      <name>Найпростіше укриття</name>
      <description><![CDATA[Розташування: м. Рівне, вулиця Князя Володимира, 74<br>Форма власності: Державна<br>Балансоутримувач: Державна служба надзвичайних ситуацій України<br>Наявність пристосування для доступу осіб з інвалідністю та інших маломобільних груп населення (пандусу): відсутнє<br>Контакт відповідального за ключі : <br>Номер: ]]></description>
      <styleUrl>#icon-1603-AFB42B</styleUrl>
      <ExtendedData>
        <Data name="Розташування">
          <value>м. Рівне, вулиця Князя Володимира, 74</value>
        </Data>
        <Data name="Форма власності">
          <value>Державна</value>
        </Data>
        <Data name="Балансоутримувач">
          <value>Державна служба надзвичайних ситуацій України</value>
        </Data>
        <Data name="Наявність пристосування для доступу осіб з інвалідністю та інших маломобільних груп населення (пандусу)">
          <value>відсутнє</value>
        </Data>
        <Data name="Контакт відповідального за ключі ">
          <value/>
        </Data>
        <Data name="Номер">
          <value/>
        </Data>
      </ExtendedData>
      <Point>
        <coordinates>
          26.2524936,50.6309845,0
        </coordinates>
      </Point>
    </Placemark>
    <Placemark>
      <name>Найпростіше укриття</name>
      <description><![CDATA[Розташування: смт. Квасилів, вулиця Молодіжна, 28 Б<br>Форма власності: Державна<br>Балансоутримувач: Міністерство освіт і науки України<br>Наявність пристосування для доступу осіб з інвалідністю та інших маломобільних груп населення (пандусу): Відсутнє<br>Контакт відповідального за ключі : <br>Номер: ]]></description>
      <styleUrl>#icon-1603-AFB42B</styleUrl>
      <ExtendedData>
        <Data name="Розташування">
          <value>смт. Квасилів, вулиця Молодіжна, 28 Б</value>
        </Data>
        <Data name="Форма власності">
          <value>Державна</value>
        </Data>
        <Data name="Балансоутримувач">
          <value>Міністерство освіт і науки України</value>
        </Data>
        <Data name="Наявність пристосування для доступу осіб з інвалідністю та інших маломобільних груп населення (пандусу)">
          <value>Відсутнє</value>
        </Data>
        <Data name="Контакт відповідального за ключі ">
          <value/>
        </Data>
        <Data name="Номер">
          <value/>
        </Data>
      </ExtendedData>
      <Point>
        <coordinates>
          26.2639097,50.5613121,0
        </coordinates>
      </Point>
    </Placemark>
    <Placemark>
      <name>Найпростіше укриття</name>
      <description><![CDATA[Розташування: м. Рівне, вулиця Степана Бандери, 69д<br>Форма власності: Державна<br>Балансоутримувач: Вище професійне училище №1 м. Рівне<br> Міністерство освіти і науки України<br><br>Наявність пристосування для доступу осіб з інвалідністю та інших маломобільних груп населення (пандусу): Відсутнє<br>Контакт відповідального за ключі : <br>Номер: ]]></description>
      <styleUrl>#icon-1603-AFB42B</styleUrl>
      <ExtendedData>
        <Data name="Розташування">
          <value>м. Рівне, вулиця Степана Бандери, 69д</value>
        </Data>
        <Data name="Форма власності">
          <value>Державна</value>
        </Data>
        <Data name="Балансоутримувач">
          <value>Вище професійне училище №1 м. Рівне
 Міністерство освіти і науки України
</value>
        </Data>
        <Data name="Наявність пристосування для доступу осіб з інвалідністю та інших маломобільних груп населення (пандусу)">
          <value>Відсутнє</value>
        </Data>
        <Data name="Контакт відповідального за ключі ">
          <value/>
        </Data>
        <Data name="Номер">
          <value/>
        </Data>
      </ExtendedData>
      <Point>
        <coordinates>
          26.2816073,50.6115537,0
        </coordinates>
      </Point>
    </Placemark>
    <Placemark>
      <name>Найпростіше укриття</name>
      <description><![CDATA[Розташування: м. Рівне, вулиця Степана Бандери, 69<br>Форма власності: Державна<br>Балансоутримувач: Вище професійне училище №1 м. Рівне<br> Міністерство освіти і науки України <br><br>Наявність пристосування для доступу осіб з інвалідністю та інших маломобільних груп населення (пандусу): Відсутнє<br>Контакт відповідального за ключі : <br>Номер: ]]></description>
      <styleUrl>#icon-1603-AFB42B</styleUrl>
      <ExtendedData>
        <Data name="Розташування">
          <value>м. Рівне, вулиця Степана Бандери, 69</value>
        </Data>
        <Data name="Форма власності">
          <value>Державна</value>
        </Data>
        <Data name="Балансоутримувач">
          <value>Вище професійне училище №1 м. Рівне
 Міністерство освіти і науки України 
</value>
        </Data>
        <Data name="Наявність пристосування для доступу осіб з інвалідністю та інших маломобільних груп населення (пандусу)">
          <value>Відсутнє</value>
        </Data>
        <Data name="Контакт відповідального за ключі ">
          <value/>
        </Data>
        <Data name="Номер">
          <value/>
        </Data>
      </ExtendedData>
      <Point>
        <coordinates>
          26.2794428,50.6116552,0
        </coordinates>
      </Point>
    </Placemark>
    <Placemark>
      <name>Найпростіше укриття</name>
      <description><![CDATA[Розташування: м. Рівне, вулиця Степана Бандери, 8А<br>Форма власності: Державна<br>Балансоутримувач: Рівненський державний гуманітарний університет Міністерства освіти і науки України<br>Наявність пристосування для доступу осіб з інвалідністю та інших маломобільних груп населення (пандусу): Відсутнє<br>Контакт відповідального за ключі : <br>Номер: ]]></description>
      <styleUrl>#icon-1603-AFB42B</styleUrl>
      <ExtendedData>
        <Data name="Розташування">
          <value>м. Рівне, вулиця Степана Бандери, 8А</value>
        </Data>
        <Data name="Форма власності">
          <value>Державна</value>
        </Data>
        <Data name="Балансоутримувач">
          <value>Рівненський державний гуманітарний університет Міністерства освіти і науки України</value>
        </Data>
        <Data name="Наявність пристосування для доступу осіб з інвалідністю та інших маломобільних груп населення (пандусу)">
          <value>Відсутнє</value>
        </Data>
        <Data name="Контакт відповідального за ключі ">
          <value/>
        </Data>
        <Data name="Номер">
          <value/>
        </Data>
      </ExtendedData>
      <Point>
        <coordinates>
          26.2495197,50.6117823,0
        </coordinates>
      </Point>
    </Placemark>
    <Placemark>
      <name>Найпростіше укриття </name>
      <description><![CDATA[Розташування: м. Рівне, вулиця Вишиванка, 40<br>Форма власності: Державна<br>Балансоутримувач: Рівненський фаховий коледж інформаційних технологій <br>МОН України<br><br>Наявність пристосування для доступу осіб з інвалідністю та інших маломобільних груп населення (пандусу): Відсутнє<br>Контакт відповідального за ключі : <br>Номер: ]]></description>
      <styleUrl>#icon-1603-AFB42B</styleUrl>
      <ExtendedData>
        <Data name="Розташування">
          <value>м. Рівне, вулиця Вишиванка, 40</value>
        </Data>
        <Data name="Форма власності">
          <value>Державна</value>
        </Data>
        <Data name="Балансоутримувач">
          <value>Рівненський фаховий коледж інформаційних технологій 
МОН України
</value>
        </Data>
        <Data name="Наявність пристосування для доступу осіб з інвалідністю та інших маломобільних груп населення (пандусу)">
          <value>Відсутнє</value>
        </Data>
        <Data name="Контакт відповідального за ключі ">
          <value/>
        </Data>
        <Data name="Номер">
          <value/>
        </Data>
      </ExtendedData>
      <Point>
        <coordinates>
          26.279921,50.6173152,0
        </coordinates>
      </Point>
    </Placemark>
    <Placemark>
      <name>Найпростіше укриття</name>
      <description><![CDATA[Розташування: м. Рівне, вулиця Олександра Олеся, 16<br>Форма власності: Комунальна<br>Балансоутримувач: Навчально-реабілітаційний центр в м.Рівне<br>Наявність пристосування для доступу осіб з інвалідністю та інших маломобільних груп населення (пандусу): Відсутнє<br>Контакт відповідального за ключі : <br>Номер: ]]></description>
      <styleUrl>#icon-1603-AFB42B</styleUrl>
      <ExtendedData>
        <Data name="Розташування">
          <value>м. Рівне, вулиця Олександра Олеся, 16</value>
        </Data>
        <Data name="Форма власності">
          <value>Комунальна</value>
        </Data>
        <Data name="Балансоутримувач">
          <value>Навчально-реабілітаційний центр в м.Рівне</value>
        </Data>
        <Data name="Наявність пристосування для доступу осіб з інвалідністю та інших маломобільних груп населення (пандусу)">
          <value>Відсутнє</value>
        </Data>
        <Data name="Контакт відповідального за ключі ">
          <value/>
        </Data>
        <Data name="Номер">
          <value/>
        </Data>
      </ExtendedData>
      <Point>
        <coordinates>
          26.2197168,50.6126684,0
        </coordinates>
      </Point>
    </Placemark>
    <Placemark>
      <name>Найпростіше укриття</name>
      <description><![CDATA[Розташування: м. Рівне, вулиця В'ячеслава Чорновола, 74<br>Форма власності: Комунальна<br>Балансоутримувач: Рівненський обласний інститут післядипломної педагогічної освіти Рівненської обласної ради<br>Наявність пристосування для доступу осіб з інвалідністю та інших маломобільних груп населення (пандусу): Відсутнє<br>Контакт відповідального за ключі : <br>Номер: ]]></description>
      <styleUrl>#icon-1603-AFB42B</styleUrl>
      <ExtendedData>
        <Data name="Розташування">
          <value><![CDATA[м. Рівне, вулиця В'ячеслава Чорновола, 74]]></value>
        </Data>
        <Data name="Форма власності">
          <value>Комунальна</value>
        </Data>
        <Data name="Балансоутримувач">
          <value>Рівненський обласний інститут післядипломної педагогічної освіти Рівненської обласної ради</value>
        </Data>
        <Data name="Наявність пристосування для доступу осіб з інвалідністю та інших маломобільних груп населення (пандусу)">
          <value>Відсутнє</value>
        </Data>
        <Data name="Контакт відповідального за ключі ">
          <value/>
        </Data>
        <Data name="Номер">
          <value/>
        </Data>
      </ExtendedData>
      <Point>
        <coordinates>
          26.2564187,50.6085641,0
        </coordinates>
      </Point>
    </Placemark>
    <Placemark>
      <name>Найпростіше укриття</name>
      <description><![CDATA[Розташування: м. Рівне, вулиця Миколи Карнаухова, 53<br>Форма власності: Комунальна<br>Балансоутримувач: КЗВО "Рівненська медична академія" Рівненської обласної ради<br>Наявність пристосування для доступу осіб з інвалідністю та інших маломобільних груп населення (пандусу): Відсутнє<br>Контакт відповідального за ключі : <br>Номер: ]]></description>
      <styleUrl>#icon-1603-AFB42B</styleUrl>
      <ExtendedData>
        <Data name="Розташування">
          <value>м. Рівне, вулиця Миколи Карнаухова, 53</value>
        </Data>
        <Data name="Форма власності">
          <value>Комунальна</value>
        </Data>
        <Data name="Балансоутримувач">
          <value><![CDATA[КЗВО "Рівненська медична академія" Рівненської обласної ради]]></value>
        </Data>
        <Data name="Наявність пристосування для доступу осіб з інвалідністю та інших маломобільних груп населення (пандусу)">
          <value>Відсутнє</value>
        </Data>
        <Data name="Контакт відповідального за ключі ">
          <value/>
        </Data>
        <Data name="Номер">
          <value/>
        </Data>
      </ExtendedData>
      <Point>
        <coordinates>
          26.2600754,50.6052853,0
        </coordinates>
      </Point>
    </Placemark>
    <Placemark>
      <name>Найпростіше укриття </name>
      <description><![CDATA[Розташування: м. Рівне, вулиця Архітектора Бургіньйона, 30<br>Форма власності: Комунальна<br>Балансоутримувач: Рівненський академічний ліцей "Престиж" імені Лілії Котовської Рівненської міської ради<br>Наявність пристосування для доступу осіб з інвалідністю та інших маломобільних груп населення (пандусу): Відсутнє<br>Контакт відповідального за ключі : <br>Номер: ]]></description>
      <styleUrl>#icon-1603-AFB42B</styleUrl>
      <ExtendedData>
        <Data name="Розташування">
          <value>м. Рівне, вулиця Архітектора Бургіньйона, 30</value>
        </Data>
        <Data name="Форма власності">
          <value>Комунальна</value>
        </Data>
        <Data name="Балансоутримувач">
          <value><![CDATA[Рівненський академічний ліцей "Престиж" імені Лілії Котовської Рівненської міської ради]]></value>
        </Data>
        <Data name="Наявність пристосування для доступу осіб з інвалідністю та інших маломобільних груп населення (пандусу)">
          <value>Відсутнє</value>
        </Data>
        <Data name="Контакт відповідального за ключі ">
          <value/>
        </Data>
        <Data name="Номер">
          <value/>
        </Data>
      </ExtendedData>
      <Point>
        <coordinates>
          26.2649366,50.6107868,0
        </coordinates>
      </Point>
    </Placemark>
    <Placemark>
      <name>Найпростіше укриття</name>
      <description><![CDATA[Розташування: м. Рівне, вулиця Данила Галицького, 15<br>Форма власності: Комунальна<br>Балансоутримувач: Рівненський ліцей "Престиж" Рівненської міської ради<br>Наявність пристосування для доступу осіб з інвалідністю та інших маломобільних груп населення (пандусу): Відсутнє<br>Контакт відповідального за ключі : 0672999586<br>Номер: ]]></description>
      <styleUrl>#icon-1603-AFB42B</styleUrl>
      <ExtendedData>
        <Data name="Розташування">
          <value>м. Рівне, вулиця Данила Галицького, 15</value>
        </Data>
        <Data name="Форма власності">
          <value>Комунальна</value>
        </Data>
        <Data name="Балансоутримувач">
          <value><![CDATA[Рівненський ліцей "Престиж" Рівненської міської ради]]></value>
        </Data>
        <Data name="Наявність пристосування для доступу осіб з інвалідністю та інших маломобільних груп населення (пандусу)">
          <value>Відсутнє</value>
        </Data>
        <Data name="Контакт відповідального за ключі ">
          <value>0672999586</value>
        </Data>
        <Data name="Номер">
          <value/>
        </Data>
      </ExtendedData>
      <Point>
        <coordinates>
          26.2812424,50.6088967,0
        </coordinates>
      </Point>
    </Placemark>
    <Placemark>
      <name>Найпростіше укриття</name>
      <description><![CDATA[Розташування: м. Рівне, вулиця Миколи Калнишевського, 29<br>Форма власності: Комунальна<br>Балансоутримувач: КЗВО "Рівненська медична академія" Рівненської обласної ради<br>Наявність пристосування для доступу осіб з інвалідністю та інших маломобільних груп населення (пандусу): Відсутнє<br>Контакт відповідального за ключі : <br>Номер: ]]></description>
      <styleUrl>#icon-1603-AFB42B</styleUrl>
      <ExtendedData>
        <Data name="Розташування">
          <value>м. Рівне, вулиця Миколи Калнишевського, 29</value>
        </Data>
        <Data name="Форма власності">
          <value>Комунальна</value>
        </Data>
        <Data name="Балансоутримувач">
          <value><![CDATA[КЗВО "Рівненська медична академія" Рівненської обласної ради]]></value>
        </Data>
        <Data name="Наявність пристосування для доступу осіб з інвалідністю та інших маломобільних груп населення (пандусу)">
          <value>Відсутнє</value>
        </Data>
        <Data name="Контакт відповідального за ключі ">
          <value/>
        </Data>
        <Data name="Номер">
          <value/>
        </Data>
      </ExtendedData>
      <Point>
        <coordinates>
          26.2332447,50.6244154,0
        </coordinates>
      </Point>
    </Placemark>
    <Placemark>
      <name>Найпростіше укриття</name>
      <description><![CDATA[Розташування: м. Рівне, вулиця Київська, 110<br>Форма власності: Комунальна<br>Балансоутримувач: Рівненська міська територіальна громада<br>Наявність пристосування для доступу осіб з інвалідністю та інших маломобільних груп населення (пандусу): Відсутнє<br>Контакт відповідального за ключі : <br>Номер: ]]></description>
      <styleUrl>#icon-1603-AFB42B</styleUrl>
      <ExtendedData>
        <Data name="Розташування">
          <value>м. Рівне, вулиця Київська, 110</value>
        </Data>
        <Data name="Форма власності">
          <value>Комунальна</value>
        </Data>
        <Data name="Балансоутримувач">
          <value>Рівненська міська територіальна громада</value>
        </Data>
        <Data name="Наявність пристосування для доступу осіб з інвалідністю та інших маломобільних груп населення (пандусу)">
          <value>Відсутнє</value>
        </Data>
        <Data name="Контакт відповідального за ключі ">
          <value/>
        </Data>
        <Data name="Номер">
          <value/>
        </Data>
      </ExtendedData>
      <Point>
        <coordinates>
          26.3302237,50.6104659,0
        </coordinates>
      </Point>
    </Placemark>
    <Placemark>
      <name>Найпростіше укриття </name>
      <description><![CDATA[Розташування: м. Рівне, вулиця Соборна, 10<br>Форма власності: Приватна<br>Балансоутримувач: Рівненський кооперативний економіко-правовий фаховий коледж<br>Укркоопспілка<br><br>Наявність пристосування для доступу осіб з інвалідністю та інших маломобільних груп населення (пандусу): Відсутнє<br>Контакт відповідального за ключі : <br>Номер: ]]></description>
      <styleUrl>#icon-1603-AFB42B</styleUrl>
      <ExtendedData>
        <Data name="Розташування">
          <value>м. Рівне, вулиця Соборна, 10</value>
        </Data>
        <Data name="Форма власності">
          <value>Приватна</value>
        </Data>
        <Data name="Балансоутримувач">
          <value>Рівненський кооперативний економіко-правовий фаховий коледж
Укркоопспілка
</value>
        </Data>
        <Data name="Наявність пристосування для доступу осіб з інвалідністю та інших маломобільних груп населення (пандусу)">
          <value>Відсутнє</value>
        </Data>
        <Data name="Контакт відповідального за ключі ">
          <value/>
        </Data>
        <Data name="Номер">
          <value/>
        </Data>
      </ExtendedData>
      <Point>
        <coordinates>
          26.2640709,50.6178929,0
        </coordinates>
      </Point>
    </Placemark>
    <Placemark>
      <name>Найпростіше укриття </name>
      <description><![CDATA[Розташування: м. Рівне, вулиця Київська, 53<br>Форма власності: Державна<br>Балансоутримувач: Рівненський фаховий коледж інформаційних технологій<br>МОН України<br>Наявність пристосування для доступу осіб з інвалідністю та інших маломобільних груп населення (пандусу): Відсутнє<br>Контакт відповідального за ключі : <br>Номер: ]]></description>
      <styleUrl>#icon-1603-AFB42B</styleUrl>
      <ExtendedData>
        <Data name="Розташування">
          <value>м. Рівне, вулиця Київська, 53</value>
        </Data>
        <Data name="Форма власності">
          <value>Державна</value>
        </Data>
        <Data name="Балансоутримувач">
          <value>Рівненський фаховий коледж інформаційних технологій
МОН України</value>
        </Data>
        <Data name="Наявність пристосування для доступу осіб з інвалідністю та інших маломобільних груп населення (пандусу)">
          <value>Відсутнє</value>
        </Data>
        <Data name="Контакт відповідального за ключі ">
          <value/>
        </Data>
        <Data name="Номер">
          <value/>
        </Data>
      </ExtendedData>
      <Point>
        <coordinates>
          26.2779289,50.6168946,0
        </coordinates>
      </Point>
    </Placemark>
    <Placemark>
      <name>Найпростіше укриття</name>
      <description><![CDATA[Розташування: м. Рівне, проспект Генерала Безручка, 3А<br>Форма власності: Державна<br>Балансоутримувач: Державний професійно-технічний навчальний заклад «Рівненський центр професійно-технічної освіти сервісу та дизайну»<br>Наявність пристосування для доступу осіб з інвалідністю та інших маломобільних груп населення (пандусу): Відсутнє<br>Контакт відповідального за ключі : <br>Номер: ]]></description>
      <styleUrl>#icon-1603-AFB42B</styleUrl>
      <ExtendedData>
        <Data name="Розташування">
          <value>м. Рівне, проспект Генерала Безручка, 3А</value>
        </Data>
        <Data name="Форма власності">
          <value>Державна</value>
        </Data>
        <Data name="Балансоутримувач">
          <value>Державний професійно-технічний навчальний заклад «Рівненський центр професійно-технічної освіти сервісу та дизайну»</value>
        </Data>
        <Data name="Наявність пристосування для доступу осіб з інвалідністю та інших маломобільних груп населення (пандусу)">
          <value>Відсутнє</value>
        </Data>
        <Data name="Контакт відповідального за ключі ">
          <value/>
        </Data>
        <Data name="Номер">
          <value/>
        </Data>
      </ExtendedData>
      <Point>
        <coordinates>
          26.2712363,50.6383473,0
        </coordinates>
      </Point>
    </Placemark>
    <Placemark>
      <name>Найпростіше укриття </name>
      <description><![CDATA[Розташування: м. Рівне, вулиця Буковинська, 7<br>Форма власності: Приватна<br>Балансоутримувач: Приватний заклад «Рівненська початкова школа «Школа мрій»<br>Рівнеінвестпроект<br><br>Наявність пристосування для доступу осіб з інвалідністю та інших маломобільних груп населення (пандусу): Відсутнє<br>Контакт відповідального за ключі : <br>Номер: ]]></description>
      <styleUrl>#icon-1603-AFB42B</styleUrl>
      <ExtendedData>
        <Data name="Розташування">
          <value>м. Рівне, вулиця Буковинська, 7</value>
        </Data>
        <Data name="Форма власності">
          <value>Приватна</value>
        </Data>
        <Data name="Балансоутримувач">
          <value>Приватний заклад «Рівненська початкова школа «Школа мрій»
Рівнеінвестпроект
</value>
        </Data>
        <Data name="Наявність пристосування для доступу осіб з інвалідністю та інших маломобільних груп населення (пандусу)">
          <value>Відсутнє</value>
        </Data>
        <Data name="Контакт відповідального за ключі ">
          <value/>
        </Data>
        <Data name="Номер">
          <value/>
        </Data>
      </ExtendedData>
      <Point>
        <coordinates>
          26.2803651,50.6216391,0
        </coordinates>
      </Point>
    </Placemark>
    <Placemark>
      <name>Найпростіше укриття</name>
      <description><![CDATA[Розташування: м. Рівне, вулиця Василя Червонія, 6<br>Форма власності: Комунальна<br>Балансоутримувач: КЗ "Рівненський міський палац культури" РМР<br>Наявність пристосування для доступу осіб з інвалідністю та інших маломобільних груп населення (пандусу): Відсутнє<br>Контакт відповідального за ключі : <br>Номер: ]]></description>
      <styleUrl>#icon-1603-AFB42B</styleUrl>
      <ExtendedData>
        <Data name="Розташування">
          <value>м. Рівне, вулиця Василя Червонія, 6</value>
        </Data>
        <Data name="Форма власності">
          <value>Комунальна</value>
        </Data>
        <Data name="Балансоутримувач">
          <value><![CDATA[КЗ "Рівненський міський палац культури" РМР]]></value>
        </Data>
        <Data name="Наявність пристосування для доступу осіб з інвалідністю та інших маломобільних груп населення (пандусу)">
          <value>Відсутнє</value>
        </Data>
        <Data name="Контакт відповідального за ключі ">
          <value/>
        </Data>
        <Data name="Номер">
          <value/>
        </Data>
      </ExtendedData>
      <Point>
        <coordinates>
          26.2663599,50.6267937,0
        </coordinates>
      </Point>
    </Placemark>
    <Placemark>
      <name>Найпростіше укриття</name>
      <description><![CDATA[Розташування: м. Рівне, вулиця В'ячеслава Чорновола, 91Х<br>Форма власності: Приватна<br>Балансоутримувач: ТзОВ "Приватний заклад дошкільної освіти Baby Land"<br>Наявність пристосування для доступу осіб з інвалідністю та інших маломобільних груп населення (пандусу): Відсутнє<br>Контакт відповідального за ключі : <br>Номер: ]]></description>
      <styleUrl>#icon-1603-AFB42B</styleUrl>
      <ExtendedData>
        <Data name="Розташування">
          <value><![CDATA[м. Рівне, вулиця В'ячеслава Чорновола, 91Х]]></value>
        </Data>
        <Data name="Форма власності">
          <value>Приватна</value>
        </Data>
        <Data name="Балансоутримувач">
          <value><![CDATA[ТзОВ "Приватний заклад дошкільної освіти Baby Land"]]></value>
        </Data>
        <Data name="Наявність пристосування для доступу осіб з інвалідністю та інших маломобільних груп населення (пандусу)">
          <value>Відсутнє</value>
        </Data>
        <Data name="Контакт відповідального за ключі ">
          <value/>
        </Data>
        <Data name="Номер">
          <value/>
        </Data>
      </ExtendedData>
      <Point>
        <coordinates>
          26.2670554,50.5963147,0
        </coordinates>
      </Point>
    </Placemark>
    <Placemark>
      <name>Найпростіше укриття</name>
      <description><![CDATA[Розташування: м. Рівне, бульвар Богдана Хмельницького, 9<br>Форма власності: Комунальна <br>Балансоутримувач: Заклад дошкільної освіти №14 Рівненської міської ради<br>Наявність пристосування для доступу осіб з інвалідністю та інших маломобільних груп населення (пандусу): Відсутнє<br>Контакт відповідального за ключі : <br>Номер: ]]></description>
      <styleUrl>#icon-1603-AFB42B</styleUrl>
      <ExtendedData>
        <Data name="Розташування">
          <value>м. Рівне, бульвар Богдана Хмельницького, 9</value>
        </Data>
        <Data name="Форма власності">
          <value>Комунальна </value>
        </Data>
        <Data name="Балансоутримувач">
          <value>Заклад дошкільної освіти №14 Рівненської міської ради</value>
        </Data>
        <Data name="Наявність пристосування для доступу осіб з інвалідністю та інших маломобільних груп населення (пандусу)">
          <value>Відсутнє</value>
        </Data>
        <Data name="Контакт відповідального за ключі ">
          <value/>
        </Data>
        <Data name="Номер">
          <value/>
        </Data>
      </ExtendedData>
      <Point>
        <coordinates>
          26.2739058,50.6226982,0
        </coordinates>
      </Point>
    </Placemark>
    <Placemark>
      <name>Найпростіше укриття</name>
      <description><![CDATA[Розташування: м. Рівне, вулиця Київська, 12 Б<br>Форма власності: Комунальна<br>Балансоутримувач: Заклад дошкільної освіти №38 Рівненської міської ради<br>Наявність пристосування для доступу осіб з інвалідністю та інших маломобільних груп населення (пандусу): Відсутнє<br>Контакт відповідального за ключі : <br>Номер: ]]></description>
      <styleUrl>#icon-1603-AFB42B</styleUrl>
      <ExtendedData>
        <Data name="Розташування">
          <value>м. Рівне, вулиця Київська, 12 Б</value>
        </Data>
        <Data name="Форма власності">
          <value>Комунальна</value>
        </Data>
        <Data name="Балансоутримувач">
          <value>Заклад дошкільної освіти №38 Рівненської міської ради</value>
        </Data>
        <Data name="Наявність пристосування для доступу осіб з інвалідністю та інших маломобільних груп населення (пандусу)">
          <value>Відсутнє</value>
        </Data>
        <Data name="Контакт відповідального за ключі ">
          <value/>
        </Data>
        <Data name="Номер">
          <value/>
        </Data>
      </ExtendedData>
      <Point>
        <coordinates>
          26.2784764,50.6143574,0
        </coordinates>
      </Point>
    </Placemark>
    <Placemark>
      <name>Найпростіше укриття</name>
      <description><![CDATA[Розташування: м.Рівне, вулиця Відінська, 31А<br>Форма власності: Комунальна<br>Балансоутримувач: Заклад дошкільної освіти №29 Рівненської міської ради<br>Наявність пристосування для доступу осіб з інвалідністю та інших маломобільних груп населення (пандусу): Відсутнє<br>Контакт відповідального за ключі : <br>Номер: ]]></description>
      <styleUrl>#icon-1603-AFB42B</styleUrl>
      <ExtendedData>
        <Data name="Розташування">
          <value>м.Рівне, вулиця Відінська, 31А</value>
        </Data>
        <Data name="Форма власності">
          <value>Комунальна</value>
        </Data>
        <Data name="Балансоутримувач">
          <value>Заклад дошкільної освіти №29 Рівненської міської ради</value>
        </Data>
        <Data name="Наявність пристосування для доступу осіб з інвалідністю та інших маломобільних груп населення (пандусу)">
          <value>Відсутнє</value>
        </Data>
        <Data name="Контакт відповідального за ключі ">
          <value/>
        </Data>
        <Data name="Номер">
          <value/>
        </Data>
      </ExtendedData>
      <Point>
        <coordinates>
          26.2771127,50.6088443,0
        </coordinates>
      </Point>
    </Placemark>
    <Placemark>
      <name>Найпростіше укриття</name>
      <description><![CDATA[Розташування: м. Рівне, вулиця Степана Бандери, 20А<br>Форма власності: Комунальна<br>Балансоутримувач: Заклад дошкільної освіти №46 Рівненської міської ради<br>Наявність пристосування для доступу осіб з інвалідністю та інших маломобільних груп населення (пандусу): Відсутнє<br>Контакт відповідального за ключі : <br>Номер: ]]></description>
      <styleUrl>#icon-1603-AFB42B</styleUrl>
      <ExtendedData>
        <Data name="Розташування">
          <value>м. Рівне, вулиця Степана Бандери, 20А</value>
        </Data>
        <Data name="Форма власності">
          <value>Комунальна</value>
        </Data>
        <Data name="Балансоутримувач">
          <value>Заклад дошкільної освіти №46 Рівненської міської ради</value>
        </Data>
        <Data name="Наявність пристосування для доступу осіб з інвалідністю та інших маломобільних груп населення (пандусу)">
          <value>Відсутнє</value>
        </Data>
        <Data name="Контакт відповідального за ключі ">
          <value/>
        </Data>
        <Data name="Номер">
          <value/>
        </Data>
      </ExtendedData>
      <Point>
        <coordinates>
          26.2556942,50.6124899,0
        </coordinates>
      </Point>
    </Placemark>
    <Placemark>
      <name>Найпростіше укриття</name>
      <description><![CDATA[Розташування: м. Рівне, вулиця Литовська, 10<br>Форма власності: Комунальна<br>Балансоутримувач: Заклад дошкільної освіти №45 Рівненської міської ради<br>Наявність пристосування для доступу осіб з інвалідністю та інших маломобільних груп населення (пандусу): Відсутнє<br>Контакт відповідального за ключі : <br>Номер: ]]></description>
      <styleUrl>#icon-1603-AFB42B</styleUrl>
      <ExtendedData>
        <Data name="Розташування">
          <value>м. Рівне, вулиця Литовська, 10</value>
        </Data>
        <Data name="Форма власності">
          <value>Комунальна</value>
        </Data>
        <Data name="Балансоутримувач">
          <value>Заклад дошкільної освіти №45 Рівненської міської ради</value>
        </Data>
        <Data name="Наявність пристосування для доступу осіб з інвалідністю та інших маломобільних груп населення (пандусу)">
          <value>Відсутнє</value>
        </Data>
        <Data name="Контакт відповідального за ключі ">
          <value/>
        </Data>
        <Data name="Номер">
          <value/>
        </Data>
      </ExtendedData>
      <Point>
        <coordinates>
          26.2475802,50.6232312,0
        </coordinates>
      </Point>
    </Placemark>
    <Placemark>
      <name>Найпростіше укриття</name>
      <description><![CDATA[Розташування: м. Рівне, вулиця Фабрична, 3<br>Форма власності: Комунальна<br>Балансоутримувач: Заклад дошкільної освіти  №43 Рівненської міської ради<br>Наявність пристосування для доступу осіб з інвалідністю та інших маломобільних груп населення (пандусу): Відсутнє<br>Контакт відповідального за ключі : <br>Номер: ]]></description>
      <styleUrl>#icon-1603-AFB42B</styleUrl>
      <ExtendedData>
        <Data name="Розташування">
          <value>м. Рівне, вулиця Фабрична, 3</value>
        </Data>
        <Data name="Форма власності">
          <value>Комунальна</value>
        </Data>
        <Data name="Балансоутримувач">
          <value>Заклад дошкільної освіти  №43 Рівненської міської ради</value>
        </Data>
        <Data name="Наявність пристосування для доступу осіб з інвалідністю та інших маломобільних груп населення (пандусу)">
          <value>Відсутнє</value>
        </Data>
        <Data name="Контакт відповідального за ключі ">
          <value/>
        </Data>
        <Data name="Номер">
          <value/>
        </Data>
      </ExtendedData>
      <Point>
        <coordinates>
          26.2737675,50.6400781,0
        </coordinates>
      </Point>
    </Placemark>
    <Placemark>
      <name>Найпростіше укриття</name>
      <description><![CDATA[Розташування: м. Рівне, вулиця Академіка Грушевського, 81<br>Форма власності: Комунальна<br>Балансоутримувач: Рівненський ліцей "№12 Рівненської міської ради<br>Наявність пристосування для доступу осіб з інвалідністю та інших маломобільних груп населення (пандусу): Відсутнє<br>Контакт відповідального за ключі : <br>Номер: ]]></description>
      <styleUrl>#icon-1603-AFB42B</styleUrl>
      <ExtendedData>
        <Data name="Розташування">
          <value>м. Рівне, вулиця Академіка Грушевського, 81</value>
        </Data>
        <Data name="Форма власності">
          <value>Комунальна</value>
        </Data>
        <Data name="Балансоутримувач">
          <value><![CDATA[Рівненський ліцей "№12 Рівненської міської ради]]></value>
        </Data>
        <Data name="Наявність пристосування для доступу осіб з інвалідністю та інших маломобільних груп населення (пандусу)">
          <value>Відсутнє</value>
        </Data>
        <Data name="Контакт відповідального за ключі ">
          <value/>
        </Data>
        <Data name="Номер">
          <value/>
        </Data>
      </ExtendedData>
      <Point>
        <coordinates>
          26.2745829,50.6172315,0
        </coordinates>
      </Point>
    </Placemark>
    <Placemark>
      <name>Найпростіше укриття</name>
      <description><![CDATA[Розташування: м. Рівне, вулиця Тиннівська, 82<br>Форма власності: Комунальна<br>Балансоутримувач: Рівненський ліцей №17 Рівненської міської ради<br>Наявність пристосування для доступу осіб з інвалідністю та інших маломобільних груп населення (пандусу): Відсутнє<br>Контакт відповідального за ключі : <br>Номер: ]]></description>
      <styleUrl>#icon-1603-AFB42B</styleUrl>
      <ExtendedData>
        <Data name="Розташування">
          <value>м. Рівне, вулиця Тиннівська, 82</value>
        </Data>
        <Data name="Форма власності">
          <value>Комунальна</value>
        </Data>
        <Data name="Балансоутримувач">
          <value>Рівненський ліцей №17 Рівненської міської ради</value>
        </Data>
        <Data name="Наявність пристосування для доступу осіб з інвалідністю та інших маломобільних груп населення (пандусу)">
          <value>Відсутнє</value>
        </Data>
        <Data name="Контакт відповідального за ключі ">
          <value/>
        </Data>
        <Data name="Номер">
          <value/>
        </Data>
      </ExtendedData>
      <Point>
        <coordinates>
          26.1902653,50.6020127,0
        </coordinates>
      </Point>
    </Placemark>
    <Placemark>
      <name>Найпростіше укриття </name>
      <description><![CDATA[Розташування: м. Рівне, вулиця Соборна, 420а<br>Форма власності: Комунальна<br>Балансоутримувач: Заклад дошкільної освіти (дитячий садок) №17 Рівненської міської ради<br>Наявність пристосування для доступу осіб з інвалідністю та інших маломобільних груп населення (пандусу): Відсутнє<br>Контакт відповідального за ключі : <br>Номер: ]]></description>
      <styleUrl>#icon-1603-AFB42B</styleUrl>
      <ExtendedData>
        <Data name="Розташування">
          <value>м. Рівне, вулиця Соборна, 420а</value>
        </Data>
        <Data name="Форма власності">
          <value>Комунальна</value>
        </Data>
        <Data name="Балансоутримувач">
          <value>Заклад дошкільної освіти (дитячий садок) №17 Рівненської міської ради</value>
        </Data>
        <Data name="Наявність пристосування для доступу осіб з інвалідністю та інших маломобільних груп населення (пандусу)">
          <value>Відсутнє</value>
        </Data>
        <Data name="Контакт відповідального за ключі ">
          <value/>
        </Data>
        <Data name="Номер">
          <value/>
        </Data>
      </ExtendedData>
      <Point>
        <coordinates>
          26.2119993,50.6365837,0
        </coordinates>
      </Point>
    </Placemark>
    <Placemark>
      <name>Найпростіше укриття</name>
      <description><![CDATA[Розташування: м. Рівне, вулиця Героїв Поліції, 17<br>Форма власності: Комунальна<br>Балансоутримувач: Рівненський ліцей № 15 Рівненської міської ради<br>Наявність пристосування для доступу осіб з інвалідністю та інших маломобільних груп населення (пандусу): Відсутнє<br>Контакт відповідального за ключі : <br>Номер: ]]></description>
      <styleUrl>#icon-1603-AFB42B</styleUrl>
      <ExtendedData>
        <Data name="Розташування">
          <value>м. Рівне, вулиця Героїв Поліції, 17</value>
        </Data>
        <Data name="Форма власності">
          <value>Комунальна</value>
        </Data>
        <Data name="Балансоутримувач">
          <value>Рівненський ліцей № 15 Рівненської міської ради</value>
        </Data>
        <Data name="Наявність пристосування для доступу осіб з інвалідністю та інших маломобільних груп населення (пандусу)">
          <value>Відсутнє</value>
        </Data>
        <Data name="Контакт відповідального за ключі ">
          <value/>
        </Data>
        <Data name="Номер">
          <value/>
        </Data>
      </ExtendedData>
      <Point>
        <coordinates>
          26.256484,50.6217452,0
        </coordinates>
      </Point>
    </Placemark>
    <Placemark>
      <name>Найпростіше укриття</name>
      <description><![CDATA[Розташування: м. Рівне,  вулиця Василя Червонія, 61б<br>Форма власності: Комунальна<br>Балансоутримувач: Заклад дошкільної освіти  №32 Рівненської міської ради<br>Наявність пристосування для доступу осіб з інвалідністю та інших маломобільних груп населення (пандусу): Відсутнє<br>Контакт відповідального за ключі : <br>Номер: ]]></description>
      <styleUrl>#icon-1603-AFB42B</styleUrl>
      <ExtendedData>
        <Data name="Розташування">
          <value>м. Рівне,  вулиця Василя Червонія, 61б</value>
        </Data>
        <Data name="Форма власності">
          <value>Комунальна</value>
        </Data>
        <Data name="Балансоутримувач">
          <value>Заклад дошкільної освіти  №32 Рівненської міської ради</value>
        </Data>
        <Data name="Наявність пристосування для доступу осіб з інвалідністю та інших маломобільних груп населення (пандусу)">
          <value>Відсутнє</value>
        </Data>
        <Data name="Контакт відповідального за ключі ">
          <value/>
        </Data>
        <Data name="Номер">
          <value/>
        </Data>
      </ExtendedData>
      <Point>
        <coordinates>
          26.2735759,50.6338477,0
        </coordinates>
      </Point>
    </Placemark>
    <Placemark>
      <name>Найпростіше укриття</name>
      <description><![CDATA[Розташування: м. Рівне, вулиця Княгині Ольги, 12А<br>Форма власності: Комунальна<br>Балансоутримувач: Заклад дошкільної освіти №22 Рівненської міської ради<br>Наявність пристосування для доступу осіб з інвалідністю та інших маломобільних груп населення (пандусу): Відсутнє<br>Контакт відповідального за ключі : <br>Номер: ]]></description>
      <styleUrl>#icon-1603-AFB42B</styleUrl>
      <ExtendedData>
        <Data name="Розташування">
          <value>м. Рівне, вулиця Княгині Ольги, 12А</value>
        </Data>
        <Data name="Форма власності">
          <value>Комунальна</value>
        </Data>
        <Data name="Балансоутримувач">
          <value>Заклад дошкільної освіти №22 Рівненської міської ради</value>
        </Data>
        <Data name="Наявність пристосування для доступу осіб з інвалідністю та інших маломобільних груп населення (пандусу)">
          <value>Відсутнє</value>
        </Data>
        <Data name="Контакт відповідального за ключі ">
          <value/>
        </Data>
        <Data name="Номер">
          <value/>
        </Data>
      </ExtendedData>
      <Point>
        <coordinates>
          26.2621066,50.6115028,0
        </coordinates>
      </Point>
    </Placemark>
    <Placemark>
      <name>Найпростіше укриття</name>
      <description><![CDATA[Розташування: м. Рівне, вулиця Шкільна, 10<br>Форма власності: Комунальна<br>Балансоутримувач: Заклад дошкільної освіти №31 Рівненської міської ради<br>Наявність пристосування для доступу осіб з інвалідністю та інших маломобільних груп населення (пандусу): Відсутнє<br>Контакт відповідального за ключі : <br>Номер: ]]></description>
      <styleUrl>#icon-1603-AFB42B</styleUrl>
      <ExtendedData>
        <Data name="Розташування">
          <value>м. Рівне, вулиця Шкільна, 10</value>
        </Data>
        <Data name="Форма власності">
          <value>Комунальна</value>
        </Data>
        <Data name="Балансоутримувач">
          <value>Заклад дошкільної освіти №31 Рівненської міської ради</value>
        </Data>
        <Data name="Наявність пристосування для доступу осіб з інвалідністю та інших маломобільних груп населення (пандусу)">
          <value>Відсутнє</value>
        </Data>
        <Data name="Контакт відповідального за ключі ">
          <value/>
        </Data>
        <Data name="Номер">
          <value/>
        </Data>
      </ExtendedData>
      <Point>
        <coordinates>
          26.2458813,50.6186217,0
        </coordinates>
      </Point>
    </Placemark>
    <Placemark>
      <name>Найпростіше укриття </name>
      <description><![CDATA[Розташування: м. Рівне, вулиця Дубенська, 37<br>Форма власності: Державна<br>Балансоутримувач: ВСП «Рівненський фаховий коледж Національного університету біоресурсів і природокористування» <br>Наявність пристосування для доступу осіб з інвалідністю та інших маломобільних груп населення (пандусу): Відсутнє<br>Контакт відповідального за ключі : <br>Номер: ]]></description>
      <styleUrl>#icon-1603-AFB42B</styleUrl>
      <ExtendedData>
        <Data name="Розташування">
          <value>м. Рівне, вулиця Дубенська, 37</value>
        </Data>
        <Data name="Форма власності">
          <value>Державна</value>
        </Data>
        <Data name="Балансоутримувач">
          <value>ВСП «Рівненський фаховий коледж Національного університету біоресурсів і природокористування» </value>
        </Data>
        <Data name="Наявність пристосування для доступу осіб з інвалідністю та інших маломобільних груп населення (пандусу)">
          <value>Відсутнє</value>
        </Data>
        <Data name="Контакт відповідального за ключі ">
          <value/>
        </Data>
        <Data name="Номер">
          <value/>
        </Data>
      </ExtendedData>
      <Point>
        <coordinates>
          26.22428,50.619612,0
        </coordinates>
      </Point>
    </Placemark>
    <Placemark>
      <name>Найпростіше укриття</name>
      <description><![CDATA[Розташування: м. Рівне, вулиця Вишиванка, 45<br>Форма власності: Комунальна<br>Балансоутримувач: Заклад дошкільної освіти (ясла-садок) №51 Рівненської міської ради<br>Наявність пристосування для доступу осіб з інвалідністю та інших маломобільних груп населення (пандусу): Відсутнє<br>Контакт відповідального за ключі : <br>Номер: ]]></description>
      <styleUrl>#icon-1603-AFB42B</styleUrl>
      <ExtendedData>
        <Data name="Розташування">
          <value>м. Рівне, вулиця Вишиванка, 45</value>
        </Data>
        <Data name="Форма власності">
          <value>Комунальна</value>
        </Data>
        <Data name="Балансоутримувач">
          <value>Заклад дошкільної освіти (ясла-садок) №51 Рівненської міської ради</value>
        </Data>
        <Data name="Наявність пристосування для доступу осіб з інвалідністю та інших маломобільних груп населення (пандусу)">
          <value>Відсутнє</value>
        </Data>
        <Data name="Контакт відповідального за ключі ">
          <value/>
        </Data>
        <Data name="Номер">
          <value/>
        </Data>
      </ExtendedData>
      <Point>
        <coordinates>
          26.282553,50.6184479,0
        </coordinates>
      </Point>
    </Placemark>
    <Placemark>
      <name>Найпростіше укриття</name>
      <description><![CDATA[Розташування: м. Рівне, вулиця 24 Серпня, 2<br>Форма власності: Комунальна<br>Балансоутримувач: Рівненський ліцей №2 Рівненської міської ради<br>Наявність пристосування для доступу осіб з інвалідністю та інших маломобільних груп населення (пандусу): Відсутнє<br>Контакт відповідального за ключі : <br>Номер: ]]></description>
      <styleUrl>#icon-1603-AFB42B</styleUrl>
      <ExtendedData>
        <Data name="Розташування">
          <value>м. Рівне, вулиця 24 Серпня, 2</value>
        </Data>
        <Data name="Форма власності">
          <value>Комунальна</value>
        </Data>
        <Data name="Балансоутримувач">
          <value>Рівненський ліцей №2 Рівненської міської ради</value>
        </Data>
        <Data name="Наявність пристосування для доступу осіб з інвалідністю та інших маломобільних груп населення (пандусу)">
          <value>Відсутнє</value>
        </Data>
        <Data name="Контакт відповідального за ключі ">
          <value/>
        </Data>
        <Data name="Номер">
          <value/>
        </Data>
      </ExtendedData>
      <Point>
        <coordinates>
          26.2449093,50.614291,0
        </coordinates>
      </Point>
    </Placemark>
    <Placemark>
      <name>Найпростіше укриття </name>
      <description><![CDATA[Розташування: м. Рівне, вулиця Гайдамацька, 15<br>Форма власності: Комунальна<br>Балансоутримувач: Рівненський ліцей № 24 Рівненської міської ради<br>Наявність пристосування для доступу осіб з інвалідністю та інших маломобільних груп населення (пандусу): Відсутнє<br>Контакт відповідального за ключі : 0982144474, 651801, 651789<br>Номер: ]]></description>
      <styleUrl>#icon-1603-AFB42B</styleUrl>
      <ExtendedData>
        <Data name="Розташування">
          <value>м. Рівне, вулиця Гайдамацька, 15</value>
        </Data>
        <Data name="Форма власності">
          <value>Комунальна</value>
        </Data>
        <Data name="Балансоутримувач">
          <value>Рівненський ліцей № 24 Рівненської міської ради</value>
        </Data>
        <Data name="Наявність пристосування для доступу осіб з інвалідністю та інших маломобільних груп населення (пандусу)">
          <value>Відсутнє</value>
        </Data>
        <Data name="Контакт відповідального за ключі ">
          <value>0982144474, 651801, 651789</value>
        </Data>
        <Data name="Номер">
          <value/>
        </Data>
      </ExtendedData>
      <Point>
        <coordinates>
          26.2780071,50.6287994,0
        </coordinates>
      </Point>
    </Placemark>
    <Placemark>
      <name>Найпростіше укриття</name>
      <description><![CDATA[Розташування: м. Рівне, вулиця Євгена Коновальця, 17б<br>Форма власності: Комунальна<br>Балансоутримувач: Заклад дошкільної освіти (ясла-садок)  №52 Рівненської міської ради<br>Наявність пристосування для доступу осіб з інвалідністю та інших маломобільних груп населення (пандусу): Відсутнє<br>Контакт відповідального за ключі : <br>Номер: ]]></description>
      <styleUrl>#icon-1603-AFB42B</styleUrl>
      <ExtendedData>
        <Data name="Розташування">
          <value>м. Рівне, вулиця Євгена Коновальця, 17б</value>
        </Data>
        <Data name="Форма власності">
          <value>Комунальна</value>
        </Data>
        <Data name="Балансоутримувач">
          <value>Заклад дошкільної освіти (ясла-садок)  №52 Рівненської міської ради</value>
        </Data>
        <Data name="Наявність пристосування для доступу осіб з інвалідністю та інших маломобільних груп населення (пандусу)">
          <value>Відсутнє</value>
        </Data>
        <Data name="Контакт відповідального за ключі ">
          <value/>
        </Data>
        <Data name="Номер">
          <value/>
        </Data>
      </ExtendedData>
      <Point>
        <coordinates>
          26.2625381,50.6369467,0
        </coordinates>
      </Point>
    </Placemark>
    <Placemark>
      <name>Найпростіше укриття</name>
      <description><![CDATA[Розташування: м. Рівне, вулиця Й. Драганчука, 12<br>Форма власності: Комунальна<br>Балансоутримувач: Заклад дошкільної освіти (ясла-садок) №37 Рівненської міської ради<br>Наявність пристосування для доступу осіб з інвалідністю та інших маломобільних груп населення (пандусу): Відсутнє<br>Контакт відповідального за ключі : 0989245530<br>Номер: ]]></description>
      <styleUrl>#icon-1603-AFB42B</styleUrl>
      <ExtendedData>
        <Data name="Розташування">
          <value>м. Рівне, вулиця Й. Драганчука, 12</value>
        </Data>
        <Data name="Форма власності">
          <value>Комунальна</value>
        </Data>
        <Data name="Балансоутримувач">
          <value>Заклад дошкільної освіти (ясла-садок) №37 Рівненської міської ради</value>
        </Data>
        <Data name="Наявність пристосування для доступу осіб з інвалідністю та інших маломобільних груп населення (пандусу)">
          <value>Відсутнє</value>
        </Data>
        <Data name="Контакт відповідального за ключі ">
          <value>0989245530</value>
        </Data>
        <Data name="Номер">
          <value/>
        </Data>
      </ExtendedData>
      <Point>
        <coordinates>
          26.2738633,50.6024398,0
        </coordinates>
      </Point>
    </Placemark>
    <Placemark>
      <name>Найпростіше укриття</name>
      <description><![CDATA[Розташування: смт. Квасилів, вулиця Молодіжна, 22 <br>Форма власності: Комунальна<br>Балансоутримувач: Квасилівський ліцей Рівненської міської ради<br>Наявність пристосування для доступу осіб з інвалідністю та інших маломобільних груп населення (пандусу): Відсутнє<br>Контакт відповідального за ключі : <br>Номер: ]]></description>
      <styleUrl>#icon-1603-AFB42B</styleUrl>
      <ExtendedData>
        <Data name="Розташування">
          <value>смт. Квасилів, вулиця Молодіжна, 22 </value>
        </Data>
        <Data name="Форма власності">
          <value>Комунальна</value>
        </Data>
        <Data name="Балансоутримувач">
          <value>Квасилівський ліцей Рівненської міської ради</value>
        </Data>
        <Data name="Наявність пристосування для доступу осіб з інвалідністю та інших маломобільних груп населення (пандусу)">
          <value>Відсутнє</value>
        </Data>
        <Data name="Контакт відповідального за ключі ">
          <value/>
        </Data>
        <Data name="Номер">
          <value/>
        </Data>
      </ExtendedData>
      <Point>
        <coordinates>
          26.2641492,50.5604222,0
        </coordinates>
      </Point>
    </Placemark>
    <Placemark>
      <name>Найпростіше укриття</name>
      <description><![CDATA[Розташування: смт. Квасилів, вулиця Молодіжна, 26<br>Форма власності: Комунальна<br>Балансоутримувач: Квасилівський заклад дошкільної освіти (ясла-садок) Рівненської міської ради<br>Наявність пристосування для доступу осіб з інвалідністю та інших маломобільних груп населення (пандусу): Відсутнє<br>Контакт відповідального за ключі : <br>Номер: ]]></description>
      <styleUrl>#icon-1603-AFB42B</styleUrl>
      <ExtendedData>
        <Data name="Розташування">
          <value>смт. Квасилів, вулиця Молодіжна, 26</value>
        </Data>
        <Data name="Форма власності">
          <value>Комунальна</value>
        </Data>
        <Data name="Балансоутримувач">
          <value>Квасилівський заклад дошкільної освіти (ясла-садок) Рівненської міської ради</value>
        </Data>
        <Data name="Наявність пристосування для доступу осіб з інвалідністю та інших маломобільних груп населення (пандусу)">
          <value>Відсутнє</value>
        </Data>
        <Data name="Контакт відповідального за ключі ">
          <value/>
        </Data>
        <Data name="Номер">
          <value/>
        </Data>
      </ExtendedData>
      <Point>
        <coordinates>
          26.2635467,50.5623074,0
        </coordinates>
      </Point>
    </Placemark>
    <Placemark>
      <name>Найпростіше укриття</name>
      <description><![CDATA[Розташування: м. Рівне, вулиця Соборна, 16<br>Форма власності: Приватна<br>Балансоутримувач: Приватний заклад загальної середньої освіти Рівненський ліцей «ІТ СТЕП СКУЛ»<br>Наявність пристосування для доступу осіб з інвалідністю та інших маломобільних груп населення (пандусу): Відсутнє<br>Контакт відповідального за ключі : <br>Номер: ]]></description>
      <styleUrl>#icon-1603-AFB42B</styleUrl>
      <ExtendedData>
        <Data name="Розташування">
          <value>м. Рівне, вулиця Соборна, 16</value>
        </Data>
        <Data name="Форма власності">
          <value>Приватна</value>
        </Data>
        <Data name="Балансоутримувач">
          <value>Приватний заклад загальної середньої освіти Рівненський ліцей «ІТ СТЕП СКУЛ»</value>
        </Data>
        <Data name="Наявність пристосування для доступу осіб з інвалідністю та інших маломобільних груп населення (пандусу)">
          <value>Відсутнє</value>
        </Data>
        <Data name="Контакт відповідального за ключі ">
          <value/>
        </Data>
        <Data name="Номер">
          <value/>
        </Data>
      </ExtendedData>
      <Point>
        <coordinates>
          26.2587902,50.6185968,0
        </coordinates>
      </Point>
    </Placemark>
    <Placemark>
      <name>Найпростіше укриття</name>
      <description><![CDATA[Розташування: м. Рівне, вулиця 16 Липня, 73<br>Форма власності: Державна<br>Балансоутримувач: Рівненська обласна прокуратура<br>Наявність пристосування для доступу осіб з інвалідністю та інших маломобільних груп населення (пандусу): Відсутнє<br>Контакт відповідального за ключі : <br>Номер: ]]></description>
      <styleUrl>#icon-1603-AFB42B</styleUrl>
      <ExtendedData>
        <Data name="Розташування">
          <value>м. Рівне, вулиця 16 Липня, 73</value>
        </Data>
        <Data name="Форма власності">
          <value>Державна</value>
        </Data>
        <Data name="Балансоутримувач">
          <value>Рівненська обласна прокуратура</value>
        </Data>
        <Data name="Наявність пристосування для доступу осіб з інвалідністю та інших маломобільних груп населення (пандусу)">
          <value>Відсутнє</value>
        </Data>
        <Data name="Контакт відповідального за ключі ">
          <value/>
        </Data>
        <Data name="Номер">
          <value/>
        </Data>
      </ExtendedData>
      <Point>
        <coordinates>
          26.2502155,50.6143645,0
        </coordinates>
      </Point>
    </Placemark>
    <Placemark>
      <name>Найпростіше укриття</name>
      <description><![CDATA[Розташування: м. Рівне, вулиця Княгині Ольги, 14В<br>Форма власності: Комунальна<br>Балансоутримувач: Заклад дошкільної освіти (ясла-садок) компенсуючого типу (санаторний) №27  Рівненської міської ради<br>Наявність пристосування для доступу осіб з інвалідністю та інших маломобільних груп населення (пандусу): Відсутнє<br>Контакт відповідального за ключі : <br>Номер: ]]></description>
      <styleUrl>#icon-1603-AFB42B</styleUrl>
      <ExtendedData>
        <Data name="Розташування">
          <value>м. Рівне, вулиця Княгині Ольги, 14В</value>
        </Data>
        <Data name="Форма власності">
          <value>Комунальна</value>
        </Data>
        <Data name="Балансоутримувач">
          <value>Заклад дошкільної освіти (ясла-садок) компенсуючого типу (санаторний) №27  Рівненської міської ради</value>
        </Data>
        <Data name="Наявність пристосування для доступу осіб з інвалідністю та інших маломобільних груп населення (пандусу)">
          <value>Відсутнє</value>
        </Data>
        <Data name="Контакт відповідального за ключі ">
          <value/>
        </Data>
        <Data name="Номер">
          <value/>
        </Data>
      </ExtendedData>
      <Point>
        <coordinates>
          26.2602957,50.6113392,0
        </coordinates>
      </Point>
    </Placemark>
    <Placemark>
      <name>Найпростіше укриття</name>
      <description><![CDATA[Розташування: м. Рівне, вулиця Олени Теліги, 55<br>Форма власності: Комунальна<br>Балансоутримувач: Заклад дошкільної освіти (ясла-садок) компенсуючого типу (спеціальний) "Центр Пагінець" Рівненської міської ради<br>Наявність пристосування для доступу осіб з інвалідністю та інших маломобільних груп населення (пандусу): Відсутнє<br>Контакт відповідального за ключі : 630815<br>Номер: ]]></description>
      <styleUrl>#icon-1603-AFB42B</styleUrl>
      <ExtendedData>
        <Data name="Розташування">
          <value>м. Рівне, вулиця Олени Теліги, 55</value>
        </Data>
        <Data name="Форма власності">
          <value>Комунальна</value>
        </Data>
        <Data name="Балансоутримувач">
          <value><![CDATA[Заклад дошкільної освіти (ясла-садок) компенсуючого типу (спеціальний) "Центр Пагінець" Рівненської міської ради]]></value>
        </Data>
        <Data name="Наявність пристосування для доступу осіб з інвалідністю та інших маломобільних груп населення (пандусу)">
          <value>Відсутнє</value>
        </Data>
        <Data name="Контакт відповідального за ключі ">
          <value>630815</value>
        </Data>
        <Data name="Номер">
          <value/>
        </Data>
      </ExtendedData>
      <Point>
        <coordinates>
          26.2149307,50.6263901,0
        </coordinates>
      </Point>
    </Placemark>
    <Placemark>
      <name>Найпростіше укриття</name>
      <description><![CDATA[Розташування: смт. Квасилів, вулиця Богдана Хмельницького, 2<br>Форма власності: Комунальна<br>Балансоутримувач: КЗ "Квасилівська дитяча музична школа" Рівненської міської ради<br>Наявність пристосування для доступу осіб з інвалідністю та інших маломобільних груп населення (пандусу): Відсутнє<br>Контакт відповідального за ключі : <br>Номер: ]]></description>
      <styleUrl>#icon-1603-AFB42B</styleUrl>
      <ExtendedData>
        <Data name="Розташування">
          <value>смт. Квасилів, вулиця Богдана Хмельницького, 2</value>
        </Data>
        <Data name="Форма власності">
          <value>Комунальна</value>
        </Data>
        <Data name="Балансоутримувач">
          <value><![CDATA[КЗ "Квасилівська дитяча музична школа" Рівненської міської ради]]></value>
        </Data>
        <Data name="Наявність пристосування для доступу осіб з інвалідністю та інших маломобільних груп населення (пандусу)">
          <value>Відсутнє</value>
        </Data>
        <Data name="Контакт відповідального за ключі ">
          <value/>
        </Data>
        <Data name="Номер">
          <value/>
        </Data>
      </ExtendedData>
      <Point>
        <coordinates>
          26.2618014,50.5567774,0
        </coordinates>
      </Point>
    </Placemark>
    <Placemark>
      <name>Найпростіше укриття</name>
      <description><![CDATA[Розташування: м. Рівне, вулиця Кавказька, 10<br>Форма власності: Комунальна<br>Балансоутримувач: Заклад дошкільної освіти (ясла-садок) №23 Рівненської міської ради<br>Наявність пристосування для доступу осіб з інвалідністю та інших маломобільних груп населення (пандусу): Відсутнє<br>Контакт відповідального за ключі : <br>Номер: ]]></description>
      <styleUrl>#icon-1603-AFB42B</styleUrl>
      <ExtendedData>
        <Data name="Розташування">
          <value>м. Рівне, вулиця Кавказька, 10</value>
        </Data>
        <Data name="Форма власності">
          <value>Комунальна</value>
        </Data>
        <Data name="Балансоутримувач">
          <value>Заклад дошкільної освіти (ясла-садок) №23 Рівненської міської ради</value>
        </Data>
        <Data name="Наявність пристосування для доступу осіб з інвалідністю та інших маломобільних груп населення (пандусу)">
          <value>Відсутнє</value>
        </Data>
        <Data name="Контакт відповідального за ключі ">
          <value/>
        </Data>
        <Data name="Номер">
          <value/>
        </Data>
      </ExtendedData>
      <Point>
        <coordinates>
          26.2563424,50.6249013,0
        </coordinates>
      </Point>
    </Placemark>
    <Placemark>
      <name>Найпростіше укриття</name>
      <description><![CDATA[Розташування: м. Рівне, вулиця Княгині Ольги, 25<br>Форма власності: Комунальна<br>Балансоутримувач: Заклад дошкільної освіти (ясла-садок) №1 Рівненської міської ради<br>Наявність пристосування для доступу осіб з інвалідністю та інших маломобільних груп населення (пандусу): Відсутнє<br>Контакт відповідального за ключі : <br>Номер: ]]></description>
      <styleUrl>#icon-1603-AFB42B</styleUrl>
      <ExtendedData>
        <Data name="Розташування">
          <value>м. Рівне, вулиця Княгині Ольги, 25</value>
        </Data>
        <Data name="Форма власності">
          <value>Комунальна</value>
        </Data>
        <Data name="Балансоутримувач">
          <value>Заклад дошкільної освіти (ясла-садок) №1 Рівненської міської ради</value>
        </Data>
        <Data name="Наявність пристосування для доступу осіб з інвалідністю та інших маломобільних груп населення (пандусу)">
          <value>Відсутнє</value>
        </Data>
        <Data name="Контакт відповідального за ключі ">
          <value/>
        </Data>
        <Data name="Номер">
          <value/>
        </Data>
      </ExtendedData>
      <Point>
        <coordinates>
          26.2636701,50.6112798,0
        </coordinates>
      </Point>
    </Placemark>
    <Placemark>
      <name>Найпростіше укриття</name>
      <description><![CDATA[Розташування: м. Рівне, вулиця 24 Серпня, 2<br>Форма власності: Комунальна<br>Балансоутримувач: Рівненський ліцей "Український" Рівненської міської ради<br>Наявність пристосування для доступу осіб з інвалідністю та інших маломобільних груп населення (пандусу): Відсутнє<br>Контакт відповідального за ключі : <br>Номер: ]]></description>
      <styleUrl>#icon-1603-AFB42B</styleUrl>
      <ExtendedData>
        <Data name="Розташування">
          <value>м. Рівне, вулиця 24 Серпня, 2</value>
        </Data>
        <Data name="Форма власності">
          <value>Комунальна</value>
        </Data>
        <Data name="Балансоутримувач">
          <value><![CDATA[Рівненський ліцей "Український" Рівненської міської ради]]></value>
        </Data>
        <Data name="Наявність пристосування для доступу осіб з інвалідністю та інших маломобільних груп населення (пандусу)">
          <value>Відсутнє</value>
        </Data>
        <Data name="Контакт відповідального за ключі ">
          <value/>
        </Data>
        <Data name="Номер">
          <value/>
        </Data>
      </ExtendedData>
      <Point>
        <coordinates>
          26.2452191,50.6145514,0
        </coordinates>
      </Point>
    </Placemark>
    <Placemark>
      <name>Найпростіше укриття</name>
      <description><![CDATA[Розташування: м. Рівне, вулиця Олександра Олеся, 12<br>Форма власності: Комунальне<br>Балансоутримувач: КП "Рівненський обласний протипухлинний центр" Рівненська обласна рада<br>Наявність пристосування для доступу осіб з інвалідністю та інших маломобільних груп населення (пандусу): Відсутнє<br>Контакт відповідального за ключі : <br>Номер: ]]></description>
      <styleUrl>#icon-1603-AFB42B</styleUrl>
      <ExtendedData>
        <Data name="Розташування">
          <value>м. Рівне, вулиця Олександра Олеся, 12</value>
        </Data>
        <Data name="Форма власності">
          <value>Комунальне</value>
        </Data>
        <Data name="Балансоутримувач">
          <value><![CDATA[КП "Рівненський обласний протипухлинний центр" Рівненська обласна рада]]></value>
        </Data>
        <Data name="Наявність пристосування для доступу осіб з інвалідністю та інших маломобільних груп населення (пандусу)">
          <value>Відсутнє</value>
        </Data>
        <Data name="Контакт відповідального за ключі ">
          <value/>
        </Data>
        <Data name="Номер">
          <value/>
        </Data>
      </ExtendedData>
      <Point>
        <coordinates>
          26.2208287,50.6106245,0
        </coordinates>
      </Point>
    </Placemark>
    <Placemark>
      <name>Найпростіше укриття</name>
      <description><![CDATA[Розташування: м. Рівне, вулиця Назара Небожинського, 23<br>Форма власності: Державна<br>Балансоутримувач: Державна служба надзвичайних ситуацій України<br>Наявність пристосування для доступу осіб з інвалідністю та інших маломобільних груп населення (пандусу): Відсутнє<br>Контакт відповідального за ключі : <br>Номер: ]]></description>
      <styleUrl>#icon-1603-AFB42B</styleUrl>
      <ExtendedData>
        <Data name="Розташування">
          <value>м. Рівне, вулиця Назара Небожинського, 23</value>
        </Data>
        <Data name="Форма власності">
          <value>Державна</value>
        </Data>
        <Data name="Балансоутримувач">
          <value>Державна служба надзвичайних ситуацій України</value>
        </Data>
        <Data name="Наявність пристосування для доступу осіб з інвалідністю та інших маломобільних груп населення (пандусу)">
          <value>Відсутнє</value>
        </Data>
        <Data name="Контакт відповідального за ключі ">
          <value/>
        </Data>
        <Data name="Номер">
          <value/>
        </Data>
      </ExtendedData>
      <Point>
        <coordinates>
          26.2133376,50.6224658,0
        </coordinates>
      </Point>
    </Placemark>
    <Placemark>
      <name>Найпростіше укриття</name>
      <description><![CDATA[Розташування: м. Рівне, вулиця Миколи Карнаухова, 25А<br>Форма власності: Комунальна<br>Балансоутримувач: Комунальне некомерційне підприємство "Центральна міська лікарня"<br> Рівненської міської ради<br><br>Наявність пристосування для доступу осіб з інвалідністю та інших маломобільних груп населення (пандусу): Відсутнє<br>Контакт відповідального за ключі : <br>Номер: ]]></description>
      <styleUrl>#icon-1603-AFB42B</styleUrl>
      <ExtendedData>
        <Data name="Розташування">
          <value>м. Рівне, вулиця Миколи Карнаухова, 25А</value>
        </Data>
        <Data name="Форма власності">
          <value>Комунальна</value>
        </Data>
        <Data name="Балансоутримувач">
          <value><![CDATA[Комунальне некомерційне підприємство "Центральна міська лікарня"
 Рівненської міської ради
]]></value>
        </Data>
        <Data name="Наявність пристосування для доступу осіб з інвалідністю та інших маломобільних груп населення (пандусу)">
          <value>Відсутнє</value>
        </Data>
        <Data name="Контакт відповідального за ключі ">
          <value/>
        </Data>
        <Data name="Номер">
          <value/>
        </Data>
      </ExtendedData>
      <Point>
        <coordinates>
          26.266244,50.6043782,0
        </coordinates>
      </Point>
    </Placemark>
    <Placemark>
      <name>Найпростіше укриття</name>
      <description><![CDATA[Розташування: м. Рівне, вулиця Гарна, 29<br>Форма власності: Державна<br>Балансоутримувач: Рівненська окружна прокуратура (Офіс Генерального прокурора)<br>Наявність пристосування для доступу осіб з інвалідністю та інших маломобільних груп населення (пандусу): відсутнє<br>Контакт відповідального за ключі : <br>Номер: ]]></description>
      <styleUrl>#icon-1603-AFB42B</styleUrl>
      <ExtendedData>
        <Data name="Розташування">
          <value>м. Рівне, вулиця Гарна, 29</value>
        </Data>
        <Data name="Форма власності">
          <value>Державна</value>
        </Data>
        <Data name="Балансоутримувач">
          <value>Рівненська окружна прокуратура (Офіс Генерального прокурора)</value>
        </Data>
        <Data name="Наявність пристосування для доступу осіб з інвалідністю та інших маломобільних груп населення (пандусу)">
          <value>відсутнє</value>
        </Data>
        <Data name="Контакт відповідального за ключі ">
          <value/>
        </Data>
        <Data name="Номер">
          <value/>
        </Data>
      </ExtendedData>
      <Point>
        <coordinates>
          26.2264913,50.6167962,0
        </coordinates>
      </Point>
    </Placemark>
    <Placemark>
      <name>Найпростіше укриття</name>
      <description><![CDATA[Розташування: м. Рівне, вулиця Поштова, 2<br>Форма власності: Комунальна<br>Балансоутримувач: Департамент економічного розвитку Рівненської міської ради<br>Наявність пристосування для доступу осіб з інвалідністю та інших маломобільних груп населення (пандусу): Відсутнє<br>Контакт відповідального за ключі : <br>Номер: ]]></description>
      <styleUrl>#icon-1603-AFB42B</styleUrl>
      <ExtendedData>
        <Data name="Розташування">
          <value>м. Рівне, вулиця Поштова, 2</value>
        </Data>
        <Data name="Форма власності">
          <value>Комунальна</value>
        </Data>
        <Data name="Балансоутримувач">
          <value>Департамент економічного розвитку Рівненської міської ради</value>
        </Data>
        <Data name="Наявність пристосування для доступу осіб з інвалідністю та інших маломобільних груп населення (пандусу)">
          <value>Відсутнє</value>
        </Data>
        <Data name="Контакт відповідального за ключі ">
          <value/>
        </Data>
        <Data name="Номер">
          <value/>
        </Data>
      </ExtendedData>
      <Point>
        <coordinates>
          26.2495974,50.6201862,0
        </coordinates>
      </Point>
    </Placemark>
    <Placemark>
      <name>Найпростіше укриття</name>
      <description><![CDATA[Розташування: м. Рівне, вулиця Соборна, 137<br>Форма власності: Комунальна<br>Балансоутримувач: Комунальний заклад «Рівненська обласна філармонія»<br>Рівненська обласна рада<br><br>Наявність пристосування для доступу осіб з інвалідністю та інших маломобільних груп населення (пандусу): відсутнє<br>Контакт відповідального за ключі : <br>Номер: ]]></description>
      <styleUrl>#icon-1603-AFB42B</styleUrl>
      <ExtendedData>
        <Data name="Розташування">
          <value>м. Рівне, вулиця Соборна, 137</value>
        </Data>
        <Data name="Форма власності">
          <value>Комунальна</value>
        </Data>
        <Data name="Балансоутримувач">
          <value>Комунальний заклад «Рівненська обласна філармонія»
Рівненська обласна рада
</value>
        </Data>
        <Data name="Наявність пристосування для доступу осіб з інвалідністю та інших маломобільних груп населення (пандусу)">
          <value>відсутнє</value>
        </Data>
        <Data name="Контакт відповідального за ключі ">
          <value/>
        </Data>
        <Data name="Номер">
          <value/>
        </Data>
      </ExtendedData>
      <Point>
        <coordinates>
          26.2405202,50.6197812,0
        </coordinates>
      </Point>
    </Placemark>
    <Placemark>
      <name>Найпростіше укриття</name>
      <description><![CDATA[Розташування: м.Рівне, вулиця Симона Петлюри, 15<br>Форма власності: Комунальна<br>Балансоутримувач: Комунальний заклад "Рівненський академічний обласний музей ляльок" Рівненської обласної ради<br>Наявність пристосування для доступу осіб з інвалідністю та інших маломобільних груп населення (пандусу): Відсутнє<br>Контакт відповідального за ключі : <br>Номер: ]]></description>
      <styleUrl>#icon-1603-AFB42B</styleUrl>
      <ExtendedData>
        <Data name="Розташування">
          <value>м.Рівне, вулиця Симона Петлюри, 15</value>
        </Data>
        <Data name="Форма власності">
          <value>Комунальна</value>
        </Data>
        <Data name="Балансоутримувач">
          <value><![CDATA[Комунальний заклад "Рівненський академічний обласний музей ляльок" Рівненської обласної ради]]></value>
        </Data>
        <Data name="Наявність пристосування для доступу осіб з інвалідністю та інших маломобільних груп населення (пандусу)">
          <value>Відсутнє</value>
        </Data>
        <Data name="Контакт відповідального за ключі ">
          <value/>
        </Data>
        <Data name="Номер">
          <value/>
        </Data>
      </ExtendedData>
      <Point>
        <coordinates>
          26.2485571,50.6228913,0
        </coordinates>
      </Point>
    </Placemark>
    <Placemark>
      <name>Найпростіше укриття</name>
      <description><![CDATA[Розташування: м. Рівне вулиця Боженова, 59<br>Форма власності: Комунальна<br>Балансоутримувач: Рівненська гімназія №14 Рівненської міської ради<br>Наявність пристосування для доступу осіб з інвалідністю та інших маломобільних груп населення (пандусу): <br>Контакт відповідального за ключі : <br>Номер: ]]></description>
      <styleUrl>#icon-1603-AFB42B</styleUrl>
      <ExtendedData>
        <Data name="Розташування">
          <value>м. Рівне вулиця Боженова, 59</value>
        </Data>
        <Data name="Форма власності">
          <value>Комунальна</value>
        </Data>
        <Data name="Балансоутримувач">
          <value>Рівненська гімназія №14 Рівненської міської ради</value>
        </Data>
        <Data name="Наявність пристосування для доступу осіб з інвалідністю та інших маломобільних груп населення (пандусу)">
          <value/>
        </Data>
        <Data name="Контакт відповідального за ключі ">
          <value/>
        </Data>
        <Data name="Номер">
          <value/>
        </Data>
      </ExtendedData>
      <Point>
        <coordinates>
          26.2354467,50.6044377,0
        </coordinates>
      </Point>
    </Placemark>
    <Placemark>
      <name>Найпростіше укриття</name>
      <description><![CDATA[Розташування: м.Рівне вулиця Литовська, 23<br>Форма власності: Комунальна<br>Балансоутримувач: КЗ  "Рівненська дитяча художня школа" Рівненської міської ради<br>Наявність пристосування для доступу осіб з інвалідністю та інших маломобільних груп населення (пандусу): <br>Контакт відповідального за ключі : <br>Номер: ]]></description>
      <styleUrl>#icon-1603-AFB42B</styleUrl>
      <ExtendedData>
        <Data name="Розташування">
          <value>м.Рівне вулиця Литовська, 23</value>
        </Data>
        <Data name="Форма власності">
          <value>Комунальна</value>
        </Data>
        <Data name="Балансоутримувач">
          <value><![CDATA[КЗ  "Рівненська дитяча художня школа" Рівненської міської ради]]></value>
        </Data>
        <Data name="Наявність пристосування для доступу осіб з інвалідністю та інших маломобільних груп населення (пандусу)">
          <value/>
        </Data>
        <Data name="Контакт відповідального за ключі ">
          <value/>
        </Data>
        <Data name="Номер">
          <value/>
        </Data>
      </ExtendedData>
      <Point>
        <coordinates>
          26.2473455,50.6243056,0
        </coordinates>
      </Point>
    </Placemark>
    <Placemark>
      <name>Найпростіше укриття</name>
      <description><![CDATA[Розташування: м.Рівне вулиця Будівельників, 1<br>Форма власності: Комунальна<br>Балансоутримувач: КЗ "Рівненський центр соціально-психологічної допомоги"<br>Наявність пристосування для доступу осіб з інвалідністю та інших маломобільних груп населення (пандусу): <br>Контакт відповідального за ключі : <br>Номер: ]]></description>
      <styleUrl>#icon-1603-AFB42B</styleUrl>
      <ExtendedData>
        <Data name="Розташування">
          <value>м.Рівне вулиця Будівельників, 1</value>
        </Data>
        <Data name="Форма власності">
          <value>Комунальна</value>
        </Data>
        <Data name="Балансоутримувач">
          <value><![CDATA[КЗ "Рівненський центр соціально-психологічної допомоги"]]></value>
        </Data>
        <Data name="Наявність пристосування для доступу осіб з інвалідністю та інших маломобільних груп населення (пандусу)">
          <value/>
        </Data>
        <Data name="Контакт відповідального за ключі ">
          <value/>
        </Data>
        <Data name="Номер">
          <value/>
        </Data>
      </ExtendedData>
      <Point>
        <coordinates>
          26.2683907,50.6404453,0
        </coordinates>
      </Point>
    </Placemark>
    <Placemark>
      <name>Найпростіше укриття</name>
      <description><![CDATA[Розташування: м. Рівне вул. Петра Полтави, 1<br>Форма власності: Приватна<br>Балансоутримувач: АТ "Укрсіббанк"<br>Наявність пристосування для доступу осіб з інвалідністю та інших маломобільних груп населення (пандусу): <br>Контакт відповідального за ключі : <br>Номер: ]]></description>
      <styleUrl>#icon-1603-AFB42B</styleUrl>
      <ExtendedData>
        <Data name="Розташування">
          <value>м. Рівне вул. Петра Полтави, 1</value>
        </Data>
        <Data name="Форма власності">
          <value>Приватна</value>
        </Data>
        <Data name="Балансоутримувач">
          <value><![CDATA[АТ "Укрсіббанк"]]></value>
        </Data>
        <Data name="Наявність пристосування для доступу осіб з інвалідністю та інших маломобільних груп населення (пандусу)">
          <value/>
        </Data>
        <Data name="Контакт відповідального за ключі ">
          <value/>
        </Data>
        <Data name="Номер">
          <value/>
        </Data>
      </ExtendedData>
      <Point>
        <coordinates>
          26.2640937,50.6184468,0
        </coordinates>
      </Point>
    </Placemark>
    <Placemark>
      <name>Найпростіше укриття</name>
      <description><![CDATA[Розташування: м.Рівне вулиця Буковинська, 8 А<br>Форма власності: Комунальна<br>Балансоутримувач: Заклад дошкільної освіти №56 Рівненської міської ради<br>Наявність пристосування для доступу осіб з інвалідністю та інших маломобільних груп населення (пандусу): <br>Контакт відповідального за ключі : <br>Номер: ]]></description>
      <styleUrl>#icon-1603-AFB42B</styleUrl>
      <ExtendedData>
        <Data name="Розташування">
          <value>м.Рівне вулиця Буковинська, 8 А</value>
        </Data>
        <Data name="Форма власності">
          <value>Комунальна</value>
        </Data>
        <Data name="Балансоутримувач">
          <value>Заклад дошкільної освіти №56 Рівненської міської ради</value>
        </Data>
        <Data name="Наявність пристосування для доступу осіб з інвалідністю та інших маломобільних груп населення (пандусу)">
          <value/>
        </Data>
        <Data name="Контакт відповідального за ключі ">
          <value/>
        </Data>
        <Data name="Номер">
          <value/>
        </Data>
      </ExtendedData>
      <Point>
        <coordinates>
          26.2828738,50.6193063,0
        </coordinates>
      </Point>
    </Placemark>
    <Placemark>
      <name>Найпростіше укриття</name>
      <description><![CDATA[Розташування: м.Рівне вуляця Князя Володимира, 10<br>Форма власності: Комунільна<br>Балансоутримувач: Рівненський міський палац дітей та молоді Рівненської міської ради<br>Наявність пристосування для доступу осіб з інвалідністю та інших маломобільних груп населення (пандусу): <br>Контакт відповідального за ключі : <br>Номер: ]]></description>
      <styleUrl>#icon-1603-AFB42B</styleUrl>
      <ExtendedData>
        <Data name="Розташування">
          <value>м.Рівне вуляця Князя Володимира, 10</value>
        </Data>
        <Data name="Форма власності">
          <value>Комунільна</value>
        </Data>
        <Data name="Балансоутримувач">
          <value>Рівненський міський палац дітей та молоді Рівненської міської ради</value>
        </Data>
        <Data name="Наявність пристосування для доступу осіб з інвалідністю та інших маломобільних груп населення (пандусу)">
          <value/>
        </Data>
        <Data name="Контакт відповідального за ключі ">
          <value/>
        </Data>
        <Data name="Номер">
          <value/>
        </Data>
      </ExtendedData>
      <Point>
        <coordinates>
          26.2644956,50.6213197,0
        </coordinates>
      </Point>
    </Placemark>
    <Placemark>
      <name>Найпростіше укриття</name>
      <description><![CDATA[Розташування: м.Рівне вулиця Словацького, 7 А<br>Форма власності: державна<br>Балансоутримувач: ДУ «Дошкільний навчальний заклад» (ясла-садок) № 6 <br>м. Рівне<br>Національної поліції України"<br><br>Наявність пристосування для доступу осіб з інвалідністю та інших маломобільних груп населення (пандусу): <br>Контакт відповідального за ключі : <br>Номер: ]]></description>
      <styleUrl>#icon-1603-AFB42B</styleUrl>
      <ExtendedData>
        <Data name="Розташування">
          <value>м.Рівне вулиця Словацького, 7 А</value>
        </Data>
        <Data name="Форма власності">
          <value>державна</value>
        </Data>
        <Data name="Балансоутримувач">
          <value><![CDATA[ДУ «Дошкільний навчальний заклад» (ясла-садок) № 6 
м. Рівне
Національної поліції України"
]]></value>
        </Data>
        <Data name="Наявність пристосування для доступу осіб з інвалідністю та інших маломобільних груп населення (пандусу)">
          <value/>
        </Data>
        <Data name="Контакт відповідального за ключі ">
          <value/>
        </Data>
        <Data name="Номер">
          <value/>
        </Data>
      </ExtendedData>
      <Point>
        <coordinates>
          26.2507308,50.6222563,0
        </coordinates>
      </Point>
    </Placemark>
    <Placemark>
      <name>Найпростіше укриття</name>
      <description><![CDATA[Розташування: м.Рівне вулиця Гайдамацька, 15<br>Форма власності: комунальна<br>Балансоутримувач: Заклад дошкільної освіти (ясла-садок) №47 Рівненської міської ради<br>Наявність пристосування для доступу осіб з інвалідністю та інших маломобільних груп населення (пандусу): <br>Контакт відповідального за ключі : <br>Номер: ]]></description>
      <styleUrl>#icon-1603-AFB42B</styleUrl>
      <ExtendedData>
        <Data name="Розташування">
          <value>м.Рівне вулиця Гайдамацька, 15</value>
        </Data>
        <Data name="Форма власності">
          <value>комунальна</value>
        </Data>
        <Data name="Балансоутримувач">
          <value>Заклад дошкільної освіти (ясла-садок) №47 Рівненської міської ради</value>
        </Data>
        <Data name="Наявність пристосування для доступу осіб з інвалідністю та інших маломобільних груп населення (пандусу)">
          <value/>
        </Data>
        <Data name="Контакт відповідального за ключі ">
          <value/>
        </Data>
        <Data name="Номер">
          <value/>
        </Data>
      </ExtendedData>
      <Point>
        <coordinates>
          26.2755803,50.6283173,0
        </coordinates>
      </Point>
    </Placemark>
    <Placemark>
      <name>Найпростіше укриття</name>
      <description><![CDATA[Розташування: м.Рівне вулиця Вишиванка, 35<br>Форма власності: державна<br>Балансоутримувач: ВСП "Рівненський технічний фаховий коледж"<br> Національного університету водного господарства та природокористування"<br><br>Наявність пристосування для доступу осіб з інвалідністю та інших маломобільних груп населення (пандусу): <br>Контакт відповідального за ключі : <br>Номер: ]]></description>
      <styleUrl>#icon-1603-AFB42B</styleUrl>
      <ExtendedData>
        <Data name="Розташування">
          <value>м.Рівне вулиця Вишиванка, 35</value>
        </Data>
        <Data name="Форма власності">
          <value>державна</value>
        </Data>
        <Data name="Балансоутримувач">
          <value><![CDATA[ВСП "Рівненський технічний фаховий коледж"
 Національного університету водного господарства та природокористування"
]]></value>
        </Data>
        <Data name="Наявність пристосування для доступу осіб з інвалідністю та інших маломобільних груп населення (пандусу)">
          <value/>
        </Data>
        <Data name="Контакт відповідального за ключі ">
          <value/>
        </Data>
        <Data name="Номер">
          <value/>
        </Data>
      </ExtendedData>
      <Point>
        <coordinates>
          26.2780143,50.618425,0
        </coordinates>
      </Point>
    </Placemark>
    <Placemark>
      <name>Найпростіше укриття</name>
      <description><![CDATA[Розташування: м.Рівне вулиця Степана Бандери, 43<br>Форма власності: комунальна<br>Балансоутримувач: Комунальний заклад вищої освіти «Рівненська медична академія» Рівненської обласної ради, гуртожиток №1<br>Наявність пристосування для доступу осіб з інвалідністю та інших маломобільних груп населення (пандусу): <br>Контакт відповідального за ключі : <br>Номер: ]]></description>
      <styleUrl>#icon-1603-AFB42B</styleUrl>
      <ExtendedData>
        <Data name="Розташування">
          <value>м.Рівне вулиця Степана Бандери, 43</value>
        </Data>
        <Data name="Форма власності">
          <value>комунальна</value>
        </Data>
        <Data name="Балансоутримувач">
          <value>Комунальний заклад вищої освіти «Рівненська медична академія» Рівненської обласної ради, гуртожиток №1</value>
        </Data>
        <Data name="Наявність пристосування для доступу осіб з інвалідністю та інших маломобільних груп населення (пандусу)">
          <value/>
        </Data>
        <Data name="Контакт відповідального за ключі ">
          <value/>
        </Data>
        <Data name="Номер">
          <value/>
        </Data>
      </ExtendedData>
      <Point>
        <coordinates>
          26.2638858,50.61272,0
        </coordinates>
      </Point>
    </Placemark>
    <Placemark>
      <name>Найпростіше укриття</name>
      <description><![CDATA[Розташування: м.Рівне вулиця Богоявленська, 14<br>Форма власності: комунальна<br>Балансоутримувач: Філіал Рівненського міського центру творчості учнівської молоді "Моделіст" Рівненської міської ради<br>Наявність пристосування для доступу осіб з інвалідністю та інших маломобільних груп населення (пандусу): <br>Контакт відповідального за ключі : <br>Номер: ]]></description>
      <styleUrl>#icon-1603-AFB42B</styleUrl>
      <ExtendedData>
        <Data name="Розташування">
          <value>м.Рівне вулиця Богоявленська, 14</value>
        </Data>
        <Data name="Форма власності">
          <value>комунальна</value>
        </Data>
        <Data name="Балансоутримувач">
          <value><![CDATA[Філіал Рівненського міського центру творчості учнівської молоді "Моделіст" Рівненської міської ради]]></value>
        </Data>
        <Data name="Наявність пристосування для доступу осіб з інвалідністю та інших маломобільних груп населення (пандусу)">
          <value/>
        </Data>
        <Data name="Контакт відповідального за ключі ">
          <value/>
        </Data>
        <Data name="Номер">
          <value/>
        </Data>
      </ExtendedData>
      <Point>
        <coordinates>
          26.2695358,50.6342087,0
        </coordinates>
      </Point>
    </Placemark>
    <Placemark>
      <name>Найпростіше укриття</name>
      <description><![CDATA[Розташування: м. Рівне, вулиця Відінська, 46<br>Форма власності: Комунальна<br>Балансоутримувач: Заклад дошкільної освіти №28 Рівненської міської ради<br>Наявність пристосування для доступу осіб з інвалідністю та інших маломобільних груп населення (пандусу): відсутні<br>Контакт відповідального за ключі : <br>Номер: ]]></description>
      <styleUrl>#icon-1603-AFB42B</styleUrl>
      <ExtendedData>
        <Data name="Розташування">
          <value>м. Рівне, вулиця Відінська, 46</value>
        </Data>
        <Data name="Форма власності">
          <value>Комунальна</value>
        </Data>
        <Data name="Балансоутримувач">
          <value>Заклад дошкільної освіти №28 Рівненської міської ради</value>
        </Data>
        <Data name="Наявність пристосування для доступу осіб з інвалідністю та інших маломобільних груп населення (пандусу)">
          <value>відсутні</value>
        </Data>
        <Data name="Контакт відповідального за ключі ">
          <value/>
        </Data>
        <Data name="Номер">
          <value/>
        </Data>
      </ExtendedData>
      <Point>
        <coordinates>
          26.2721811,50.6067674,0
        </coordinates>
      </Point>
    </Placemark>
    <Placemark>
      <name>Найпростіше укриття</name>
      <description><![CDATA[Розташування: м.Рівне, вулиця Котляревського, 1<br>Форма власності: Комунальна<br>Балансоутримувач: Обласний науковий ліцей в м. Рівне Рівненської обласної ради<br>Наявність пристосування для доступу осіб з інвалідністю та інших маломобільних груп населення (пандусу): <br>Контакт відповідального за ключі : <br>Номер: ]]></description>
      <styleUrl>#icon-1603-AFB42B</styleUrl>
      <ExtendedData>
        <Data name="Розташування">
          <value>м.Рівне, вулиця Котляревського, 1</value>
        </Data>
        <Data name="Форма власності">
          <value>Комунальна</value>
        </Data>
        <Data name="Балансоутримувач">
          <value>Обласний науковий ліцей в м. Рівне Рівненської обласної ради</value>
        </Data>
        <Data name="Наявність пристосування для доступу осіб з інвалідністю та інших маломобільних груп населення (пандусу)">
          <value/>
        </Data>
        <Data name="Контакт відповідального за ключі ">
          <value/>
        </Data>
        <Data name="Номер">
          <value/>
        </Data>
      </ExtendedData>
      <Point>
        <coordinates>
          26.2519959,50.6106657,0
        </coordinates>
      </Point>
    </Placemark>
    <Placemark>
      <name>Найпростіше укриття</name>
      <description><![CDATA[Розташування: вулиця Котляревського, 1<br>Форма власності: Комунальна<br>Балансоутримувач: Обласний науковий ліцей в м. Рівне Рівненської обласної ради<br>Наявність пристосування для доступу осіб з інвалідністю та інших маломобільних груп населення (пандусу): <br>Контакт відповідального за ключі : <br>Номер: ]]></description>
      <styleUrl>#icon-1603-AFB42B</styleUrl>
      <ExtendedData>
        <Data name="Розташування">
          <value>вулиця Котляревського, 1</value>
        </Data>
        <Data name="Форма власності">
          <value>Комунальна</value>
        </Data>
        <Data name="Балансоутримувач">
          <value>Обласний науковий ліцей в м. Рівне Рівненської обласної ради</value>
        </Data>
        <Data name="Наявність пристосування для доступу осіб з інвалідністю та інших маломобільних груп населення (пандусу)">
          <value/>
        </Data>
        <Data name="Контакт відповідального за ключі ">
          <value/>
        </Data>
        <Data name="Номер">
          <value/>
        </Data>
      </ExtendedData>
      <Point>
        <coordinates>
          26.2520335,50.6103968,0
        </coordinates>
      </Point>
    </Placemark>
    <Placemark>
      <name>Найпростіше укриття</name>
      <description><![CDATA[Розташування: м. Рівне, проспект Генерала Безручка, 26<br>Форма власності: Комунальна<br>Балансоутримувач: Рівненський ліцей «Гармонія», Рівненської міської ради<br>Наявність пристосування для доступу осіб з інвалідністю та інших маломобільних груп населення (пандусу): <br>Контакт відповідального за ключі : <br>Номер: ]]></description>
      <styleUrl>#icon-1603-AFB42B</styleUrl>
      <ExtendedData>
        <Data name="Розташування">
          <value>м. Рівне, проспект Генерала Безручка, 26</value>
        </Data>
        <Data name="Форма власності">
          <value>Комунальна</value>
        </Data>
        <Data name="Балансоутримувач">
          <value>Рівненський ліцей «Гармонія», Рівненської міської ради</value>
        </Data>
        <Data name="Наявність пристосування для доступу осіб з інвалідністю та інших маломобільних груп населення (пандусу)">
          <value/>
        </Data>
        <Data name="Контакт відповідального за ключі ">
          <value/>
        </Data>
        <Data name="Номер">
          <value/>
        </Data>
      </ExtendedData>
      <Point>
        <coordinates>
          26.2767342,50.6386337,0
        </coordinates>
      </Point>
    </Placemark>
    <Placemark>
      <name>Найпростіше укриття</name>
      <description><![CDATA[Розташування: м. Рівне, вулиця Миколи Карнаухова, 53а<br><br>Форма власності: Державна<br>Балансоутримувач: Національний університет водного господарства та природокористування<br>Наявність пристосування для доступу осіб з інвалідністю та інших маломобільних груп населення (пандусу): <br>Контакт відповідального за ключі : <br>Номер: ]]></description>
      <styleUrl>#icon-1603-AFB42B</styleUrl>
      <ExtendedData>
        <Data name="Розташування">
          <value>м. Рівне, вулиця Миколи Карнаухова, 53а
</value>
        </Data>
        <Data name="Форма власності">
          <value>Державна</value>
        </Data>
        <Data name="Балансоутримувач">
          <value>Національний університет водного господарства та природокористування</value>
        </Data>
        <Data name="Наявність пристосування для доступу осіб з інвалідністю та інших маломобільних груп населення (пандусу)">
          <value/>
        </Data>
        <Data name="Контакт відповідального за ключі ">
          <value/>
        </Data>
        <Data name="Номер">
          <value/>
        </Data>
      </ExtendedData>
      <Point>
        <coordinates>
          26.2614123,50.6046179,0
        </coordinates>
      </Point>
    </Placemark>
    <Placemark>
      <name>Найпростіше укриття</name>
      <description><![CDATA[Розташування: м.Рівне, вулиця В'ячеслава Чорновола, 74<br>Форма власності: Комунальна<br>Балансоутримувач: Рівненський обласний інститут післядипломної педагогічної освіти Рівненської обласної ради<br>Наявність пристосування для доступу осіб з інвалідністю та інших маломобільних груп населення (пандусу): <br>Контакт відповідального за ключі : <br>Номер: ]]></description>
      <styleUrl>#icon-1603-AFB42B</styleUrl>
      <ExtendedData>
        <Data name="Розташування">
          <value><![CDATA[м.Рівне, вулиця В'ячеслава Чорновола, 74]]></value>
        </Data>
        <Data name="Форма власності">
          <value>Комунальна</value>
        </Data>
        <Data name="Балансоутримувач">
          <value>Рівненський обласний інститут післядипломної педагогічної освіти Рівненської обласної ради</value>
        </Data>
        <Data name="Наявність пристосування для доступу осіб з інвалідністю та інших маломобільних груп населення (пандусу)">
          <value/>
        </Data>
        <Data name="Контакт відповідального за ключі ">
          <value/>
        </Data>
        <Data name="Номер">
          <value/>
        </Data>
      </ExtendedData>
      <Point>
        <coordinates>
          26.2567175,50.6082848,0
        </coordinates>
      </Point>
    </Placemark>
    <Placemark>
      <name>Найпростішеиукриття</name>
      <description><![CDATA[Розташування: м.Рівне, вул.Карпинського, 15А<br>Форма власності: коомунальна<br>Балансоутримувач: Рівненський ліцей №18 Рівненської міської ради<br>Наявність пристосування для доступу осіб з інвалідністю та інших маломобільних груп населення (пандусу): <br>Контакт відповідального за ключі : <br>Номер: ]]></description>
      <styleUrl>#icon-1603-AFB42B</styleUrl>
      <ExtendedData>
        <Data name="Розташування">
          <value>м.Рівне, вул.Карпинського, 15А</value>
        </Data>
        <Data name="Форма власності">
          <value>коомунальна</value>
        </Data>
        <Data name="Балансоутримувач">
          <value>Рівненський ліцей №18 Рівненської міської ради</value>
        </Data>
        <Data name="Наявність пристосування для доступу осіб з інвалідністю та інших маломобільних груп населення (пандусу)">
          <value/>
        </Data>
        <Data name="Контакт відповідального за ключі ">
          <value/>
        </Data>
        <Data name="Номер">
          <value/>
        </Data>
      </ExtendedData>
      <Point>
        <coordinates>
          26.2728122,50.6088748,0
        </coordinates>
      </Point>
    </Placemark>
  </Document>
</kml>
